{
  "uid" : "11631db711736c3",
  "name" : "verifyTimeFramesSwitch[MONTH]",
  "title" : "Verify time frames switch [MONTH]",
  "time" : {
    "start" : 1521066972420,
    "stop" : 1521066974950,
    "duration" : 2530
  },
  "summary" : {
    "attachments" : 0,
    "steps" : 3
  },
  "failure" : null,
  "description" : null,
  "severity" : "NORMAL",
  "status" : "PASSED",
  "testId" : null,
  "suite" : {
    "uid" : "ff2847323540eebb",
    "name" : "TestTask : reportingTests",
    "title" : "TestTask : reportingTests"
  },
  "steps" : [ {
    "name" : "chooseTimeFrame[MONTH]",
    "title" : "Choose time frame - MONTH",
    "time" : {
      "start" : 1521066972423,
      "stop" : 1521066972731,
      "duration" : 308
    },
    "summary" : {
      "attachments" : 0,
      "steps" : 0
    },
    "status" : "PASSED",
    "attachments" : [ ],
    "steps" : [ ]
  }, {
    "name" : "waitForLoaderIsOff",
    "title" : "Wait until loader disappears",
    "time" : {
      "start" : 1521066972732,
      "stop" : 1521066974885,
      "duration" : 2153
    },
    "summary" : {
      "attachments" : 0,
      "steps" : 0
    },
    "status" : "PASSED",
    "attachments" : [ ],
    "steps" : [ ]
  }, {
    "name" : "getActiveTimeFrame",
    "title" : "Get active time frame",
    "time" : {
      "start" : 1521066974886,
      "stop" : 1521066974949,
      "duration" : 63
    },
    "summary" : {
      "attachments" : 0,
      "steps" : 0
    },
    "status" : "PASSED",
    "attachments" : [ ],
    "steps" : [ ]
  } ],
  "attachments" : [ ],
  "issues" : [ ],
  "labels" : [ {
    "name" : "thread",
    "value" : "10320@ALEX.main(1)"
  }, {
    "name" : "framework",
    "value" : "TestNG"
  }, {
    "name" : "language",
    "value" : "JAVA"
  }, {
    "name" : "suite-name",
    "value" : "TestTask : reportingTests"
  }, {
    "name" : "suite-title",
    "value" : "TestTask : reportingTests"
  }, {
    "name" : "host",
    "value" : "ALEX"
  }, {
    "name" : "story",
    "value" : "Google Chrome"
  }, {
    "name" : "feature",
    "value" : "Desktop check of time frames switching (Task 2)"
  } ],
  "parameters" : [ ]
}