{
  "uid" : "15e3b645d43af07b",
  "name" : "verifyAuthorsFilter[https//neoshibka.ru/oshibka-400-bad-request/ | neoshibka.ru | neoshibka.ru | !old.source]",
  "title" : "Verify authors filter [https//neoshibka.ru/oshibka-400-bad-request/ | neoshibka.ru | neoshibka.ru | !old.source]",
  "time" : {
    "start" : 1521067022860,
    "stop" : 1521067023449,
    "duration" : 589
  },
  "summary" : {
    "attachments" : 0,
    "steps" : 5
  },
  "failure" : null,
  "description" : null,
  "severity" : "NORMAL",
  "status" : "PASSED",
  "testId" : null,
  "suite" : {
    "uid" : "ff2847323540eebb",
    "name" : "TestTask : reportingTests",
    "title" : "TestTask : reportingTests"
  },
  "steps" : [ {
    "name" : "clearAuthorFilter",
    "title" : "Clear author filter",
    "time" : {
      "start" : 1521067020903,
      "stop" : 1521067021113,
      "duration" : 210
    },
    "summary" : {
      "attachments" : 0,
      "steps" : 0
    },
    "status" : "PASSED",
    "attachments" : [ ],
    "steps" : [ ]
  }, {
    "name" : "waitForLoaderIsOff",
    "title" : "Wait until loader disappears",
    "time" : {
      "start" : 1521067021114,
      "stop" : 1521067022859,
      "duration" : 1745
    },
    "summary" : {
      "attachments" : 0,
      "steps" : 0
    },
    "status" : "PASSED",
    "attachments" : [ ],
    "steps" : [ ]
  }, {
    "name" : "clickOnAuthorByName[https//neoshibka.ru/oshibka-400-bad-request/ | neoshibka.ru | neoshibka.ru | !old.source]",
    "title" : "Click on author by name: https//neoshibka.ru/oshibka-400-bad-request/ | neoshibka.ru | neoshibka.ru | !old.source",
    "time" : {
      "start" : 1521067022862,
      "stop" : 1521067023143,
      "duration" : 281
    },
    "summary" : {
      "attachments" : 0,
      "steps" : 0
    },
    "status" : "PASSED",
    "attachments" : [ ],
    "steps" : [ ]
  }, {
    "name" : "waitForLoaderIsOff",
    "title" : "Wait until loader disappears",
    "time" : {
      "start" : 1521067023145,
      "stop" : 1521067023411,
      "duration" : 266
    },
    "summary" : {
      "attachments" : 0,
      "steps" : 0
    },
    "status" : "PASSED",
    "attachments" : [ ],
    "steps" : [ ]
  }, {
    "name" : "getCountOfArticles",
    "title" : "Get count of articles",
    "time" : {
      "start" : 1521067023411,
      "stop" : 1521067023449,
      "duration" : 38
    },
    "summary" : {
      "attachments" : 0,
      "steps" : 0
    },
    "status" : "PASSED",
    "attachments" : [ ],
    "steps" : [ ]
  } ],
  "attachments" : [ ],
  "issues" : [ ],
  "labels" : [ {
    "name" : "host",
    "value" : "ALEX"
  }, {
    "name" : "thread",
    "value" : "10320@ALEX.main(1)"
  }, {
    "name" : "framework",
    "value" : "TestNG"
  }, {
    "name" : "story",
    "value" : "Google Chrome"
  }, {
    "name" : "suite-title",
    "value" : "TestTask : reportingTests"
  }, {
    "name" : "suite-name",
    "value" : "TestTask : reportingTests"
  }, {
    "name" : "language",
    "value" : "JAVA"
  }, {
    "name" : "feature",
    "value" : "Desktop check author filter (Task 3)"
  } ],
  "parameters" : [ ]
}