{
  "uid" : "1878212adf41f75",
  "name" : "verifySortingByMetricsFromBest[RECIRCULATION]",
  "title" : "Verify sorting by metrics from best [RECIRCULATION]",
  "time" : {
    "start" : 1521067089475,
    "stop" : 1521067102652,
    "duration" : 13177
  },
  "summary" : {
    "attachments" : 0,
    "steps" : 132
  },
  "failure" : null,
  "description" : null,
  "severity" : "NORMAL",
  "status" : "PASSED",
  "testId" : null,
  "suite" : {
    "uid" : "ff2847323540eebb",
    "name" : "TestTask : reportingTests",
    "title" : "TestTask : reportingTests"
  },
  "steps" : [ {
    "name" : "clickBack",
    "title" : "Click Back",
    "time" : {
      "start" : 1521067088052,
      "stop" : 1521067088379,
      "duration" : 327
    },
    "summary" : {
      "attachments" : 0,
      "steps" : 0
    },
    "status" : "PASSED",
    "attachments" : [ ],
    "steps" : [ ]
  }, {
    "name" : "waitForLoaderIsOff",
    "title" : "Wait until loader disappears",
    "time" : {
      "start" : 1521067088380,
      "stop" : 1521067089473,
      "duration" : 1093
    },
    "summary" : {
      "attachments" : 0,
      "steps" : 0
    },
    "status" : "PASSED",
    "attachments" : [ ],
    "steps" : [ ]
  }, {
    "name" : "setSortingDirection[true]",
    "title" : "Set sorting direction from best to worst: true",
    "time" : {
      "start" : 1521067089477,
      "stop" : 1521067089510,
      "duration" : 33
    },
    "summary" : {
      "attachments" : 0,
      "steps" : 0
    },
    "status" : "PASSED",
    "attachments" : [ ],
    "steps" : [ ]
  }, {
    "name" : "waitForLoaderIsOff",
    "title" : "Wait until loader disappears",
    "time" : {
      "start" : 1521067089511,
      "stop" : 1521067091587,
      "duration" : 2076
    },
    "summary" : {
      "attachments" : 0,
      "steps" : 0
    },
    "status" : "PASSED",
    "attachments" : [ ],
    "steps" : [ ]
  }, {
    "name" : "sortByMetric[RECIRCULATION]",
    "title" : "Select metric to sort: RECIRCULATION",
    "time" : {
      "start" : 1521067091589,
      "stop" : 1521067092103,
      "duration" : 514
    },
    "summary" : {
      "attachments" : 0,
      "steps" : 0
    },
    "status" : "PASSED",
    "attachments" : [ ],
    "steps" : [ ]
  }, {
    "name" : "waitForLoaderIsOff",
    "title" : "Wait until loader disappears",
    "time" : {
      "start" : 1521067092105,
      "stop" : 1521067093263,
      "duration" : 1158
    },
    "summary" : {
      "attachments" : 0,
      "steps" : 0
    },
    "status" : "PASSED",
    "attachments" : [ ],
    "steps" : [ ]
  }, {
    "name" : "getAllArticlesFromPage",
    "title" : "Get all articles metrics...",
    "time" : {
      "start" : 1521067093265,
      "stop" : 1521067097743,
      "duration" : 4478
    },
    "summary" : {
      "attachments" : 0,
      "steps" : 60
    },
    "status" : "PASSED",
    "attachments" : [ ],
    "steps" : [ {
      "name" : "getPageViewsValueByIndex[0]",
      "title" : "Get page views metric from row 0",
      "time" : {
        "start" : 1521067093357,
        "stop" : 1521067093454,
        "duration" : 97
      },
      "summary" : {
        "attachments" : 0,
        "steps" : 0
      },
      "status" : "PASSED",
      "attachments" : [ ],
      "steps" : [ ]
    }, {
      "name" : "getAverageTimeValueByIndex[0]",
      "title" : "Get average time metric from row 0",
      "time" : {
        "start" : 1521067093456,
        "stop" : 1521067093553,
        "duration" : 97
      },
      "summary" : {
        "attachments" : 0,
        "steps" : 0
      },
      "status" : "PASSED",
      "attachments" : [ ],
      "steps" : [ ]
    }, {
      "name" : "getFinishedReadingValueByIndex[0]",
      "title" : "Get finished reading metric from row 0",
      "time" : {
        "start" : 1521067093555,
        "stop" : 1521067093644,
        "duration" : 89
      },
      "summary" : {
        "attachments" : 0,
        "steps" : 0
      },
      "status" : "PASSED",
      "attachments" : [ ],
      "steps" : [ ]
    }, {
      "name" : "getRecirculationValueByIndex[0]",
      "title" : "Get recirculation metric from row 0",
      "time" : {
        "start" : 1521067093645,
        "stop" : 1521067093735,
        "duration" : 90
      },
      "summary" : {
        "attachments" : 0,
        "steps" : 0
      },
      "status" : "PASSED",
      "attachments" : [ ],
      "steps" : [ ]
    }, {
      "name" : "getPageViewsValueByIndex[1]",
      "title" : "Get page views metric from row 1",
      "time" : {
        "start" : 1521067093736,
        "stop" : 1521067093802,
        "duration" : 66
      },
      "summary" : {
        "attachments" : 0,
        "steps" : 0
      },
      "status" : "PASSED",
      "attachments" : [ ],
      "steps" : [ ]
    }, {
      "name" : "getAverageTimeValueByIndex[1]",
      "title" : "Get average time metric from row 1",
      "time" : {
        "start" : 1521067093804,
        "stop" : 1521067093873,
        "duration" : 69
      },
      "summary" : {
        "attachments" : 0,
        "steps" : 0
      },
      "status" : "PASSED",
      "attachments" : [ ],
      "steps" : [ ]
    }, {
      "name" : "getFinishedReadingValueByIndex[1]",
      "title" : "Get finished reading metric from row 1",
      "time" : {
        "start" : 1521067093874,
        "stop" : 1521067093962,
        "duration" : 88
      },
      "summary" : {
        "attachments" : 0,
        "steps" : 0
      },
      "status" : "PASSED",
      "attachments" : [ ],
      "steps" : [ ]
    }, {
      "name" : "getRecirculationValueByIndex[1]",
      "title" : "Get recirculation metric from row 1",
      "time" : {
        "start" : 1521067093963,
        "stop" : 1521067094053,
        "duration" : 90
      },
      "summary" : {
        "attachments" : 0,
        "steps" : 0
      },
      "status" : "PASSED",
      "attachments" : [ ],
      "steps" : [ ]
    }, {
      "name" : "getPageViewsValueByIndex[2]",
      "title" : "Get page views metric from row 2",
      "time" : {
        "start" : 1521067094055,
        "stop" : 1521067094140,
        "duration" : 85
      },
      "summary" : {
        "attachments" : 0,
        "steps" : 0
      },
      "status" : "PASSED",
      "attachments" : [ ],
      "steps" : [ ]
    }, {
      "name" : "getAverageTimeValueByIndex[2]",
      "title" : "Get average time metric from row 2",
      "time" : {
        "start" : 1521067094142,
        "stop" : 1521067094251,
        "duration" : 109
      },
      "summary" : {
        "attachments" : 0,
        "steps" : 0
      },
      "status" : "PASSED",
      "attachments" : [ ],
      "steps" : [ ]
    }, {
      "name" : "getFinishedReadingValueByIndex[2]",
      "title" : "Get finished reading metric from row 2",
      "time" : {
        "start" : 1521067094253,
        "stop" : 1521067094322,
        "duration" : 69
      },
      "summary" : {
        "attachments" : 0,
        "steps" : 0
      },
      "status" : "PASSED",
      "attachments" : [ ],
      "steps" : [ ]
    }, {
      "name" : "getRecirculationValueByIndex[2]",
      "title" : "Get recirculation metric from row 2",
      "time" : {
        "start" : 1521067094323,
        "stop" : 1521067094397,
        "duration" : 74
      },
      "summary" : {
        "attachments" : 0,
        "steps" : 0
      },
      "status" : "PASSED",
      "attachments" : [ ],
      "steps" : [ ]
    }, {
      "name" : "getPageViewsValueByIndex[3]",
      "title" : "Get page views metric from row 3",
      "time" : {
        "start" : 1521067094398,
        "stop" : 1521067094464,
        "duration" : 66
      },
      "summary" : {
        "attachments" : 0,
        "steps" : 0
      },
      "status" : "PASSED",
      "attachments" : [ ],
      "steps" : [ ]
    }, {
      "name" : "getAverageTimeValueByIndex[3]",
      "title" : "Get average time metric from row 3",
      "time" : {
        "start" : 1521067094465,
        "stop" : 1521067094521,
        "duration" : 56
      },
      "summary" : {
        "attachments" : 0,
        "steps" : 0
      },
      "status" : "PASSED",
      "attachments" : [ ],
      "steps" : [ ]
    }, {
      "name" : "getFinishedReadingValueByIndex[3]",
      "title" : "Get finished reading metric from row 3",
      "time" : {
        "start" : 1521067094522,
        "stop" : 1521067094594,
        "duration" : 72
      },
      "summary" : {
        "attachments" : 0,
        "steps" : 0
      },
      "status" : "PASSED",
      "attachments" : [ ],
      "steps" : [ ]
    }, {
      "name" : "getRecirculationValueByIndex[3]",
      "title" : "Get recirculation metric from row 3",
      "time" : {
        "start" : 1521067094595,
        "stop" : 1521067094668,
        "duration" : 73
      },
      "summary" : {
        "attachments" : 0,
        "steps" : 0
      },
      "status" : "PASSED",
      "attachments" : [ ],
      "steps" : [ ]
    }, {
      "name" : "getPageViewsValueByIndex[4]",
      "title" : "Get page views metric from row 4",
      "time" : {
        "start" : 1521067094669,
        "stop" : 1521067094733,
        "duration" : 64
      },
      "summary" : {
        "attachments" : 0,
        "steps" : 0
      },
      "status" : "PASSED",
      "attachments" : [ ],
      "steps" : [ ]
    }, {
      "name" : "getAverageTimeValueByIndex[4]",
      "title" : "Get average time metric from row 4",
      "time" : {
        "start" : 1521067094733,
        "stop" : 1521067094785,
        "duration" : 52
      },
      "summary" : {
        "attachments" : 0,
        "steps" : 0
      },
      "status" : "PASSED",
      "attachments" : [ ],
      "steps" : [ ]
    }, {
      "name" : "getFinishedReadingValueByIndex[4]",
      "title" : "Get finished reading metric from row 4",
      "time" : {
        "start" : 1521067094786,
        "stop" : 1521067094854,
        "duration" : 68
      },
      "summary" : {
        "attachments" : 0,
        "steps" : 0
      },
      "status" : "PASSED",
      "attachments" : [ ],
      "steps" : [ ]
    }, {
      "name" : "getRecirculationValueByIndex[4]",
      "title" : "Get recirculation metric from row 4",
      "time" : {
        "start" : 1521067094855,
        "stop" : 1521067094956,
        "duration" : 101
      },
      "summary" : {
        "attachments" : 0,
        "steps" : 0
      },
      "status" : "PASSED",
      "attachments" : [ ],
      "steps" : [ ]
    }, {
      "name" : "getPageViewsValueByIndex[5]",
      "title" : "Get page views metric from row 5",
      "time" : {
        "start" : 1521067094958,
        "stop" : 1521067095021,
        "duration" : 63
      },
      "summary" : {
        "attachments" : 0,
        "steps" : 0
      },
      "status" : "PASSED",
      "attachments" : [ ],
      "steps" : [ ]
    }, {
      "name" : "getAverageTimeValueByIndex[5]",
      "title" : "Get average time metric from row 5",
      "time" : {
        "start" : 1521067095022,
        "stop" : 1521067095079,
        "duration" : 57
      },
      "summary" : {
        "attachments" : 0,
        "steps" : 0
      },
      "status" : "PASSED",
      "attachments" : [ ],
      "steps" : [ ]
    }, {
      "name" : "getFinishedReadingValueByIndex[5]",
      "title" : "Get finished reading metric from row 5",
      "time" : {
        "start" : 1521067095080,
        "stop" : 1521067095139,
        "duration" : 59
      },
      "summary" : {
        "attachments" : 0,
        "steps" : 0
      },
      "status" : "PASSED",
      "attachments" : [ ],
      "steps" : [ ]
    }, {
      "name" : "getRecirculationValueByIndex[5]",
      "title" : "Get recirculation metric from row 5",
      "time" : {
        "start" : 1521067095140,
        "stop" : 1521067095206,
        "duration" : 66
      },
      "summary" : {
        "attachments" : 0,
        "steps" : 0
      },
      "status" : "PASSED",
      "attachments" : [ ],
      "steps" : [ ]
    }, {
      "name" : "getPageViewsValueByIndex[6]",
      "title" : "Get page views metric from row 6",
      "time" : {
        "start" : 1521067095208,
        "stop" : 1521067095273,
        "duration" : 65
      },
      "summary" : {
        "attachments" : 0,
        "steps" : 0
      },
      "status" : "PASSED",
      "attachments" : [ ],
      "steps" : [ ]
    }, {
      "name" : "getAverageTimeValueByIndex[6]",
      "title" : "Get average time metric from row 6",
      "time" : {
        "start" : 1521067095275,
        "stop" : 1521067095333,
        "duration" : 58
      },
      "summary" : {
        "attachments" : 0,
        "steps" : 0
      },
      "status" : "PASSED",
      "attachments" : [ ],
      "steps" : [ ]
    }, {
      "name" : "getFinishedReadingValueByIndex[6]",
      "title" : "Get finished reading metric from row 6",
      "time" : {
        "start" : 1521067095333,
        "stop" : 1521067095399,
        "duration" : 66
      },
      "summary" : {
        "attachments" : 0,
        "steps" : 0
      },
      "status" : "PASSED",
      "attachments" : [ ],
      "steps" : [ ]
    }, {
      "name" : "getRecirculationValueByIndex[6]",
      "title" : "Get recirculation metric from row 6",
      "time" : {
        "start" : 1521067095400,
        "stop" : 1521067095468,
        "duration" : 68
      },
      "summary" : {
        "attachments" : 0,
        "steps" : 0
      },
      "status" : "PASSED",
      "attachments" : [ ],
      "steps" : [ ]
    }, {
      "name" : "getPageViewsValueByIndex[7]",
      "title" : "Get page views metric from row 7",
      "time" : {
        "start" : 1521067095469,
        "stop" : 1521067095572,
        "duration" : 103
      },
      "summary" : {
        "attachments" : 0,
        "steps" : 0
      },
      "status" : "PASSED",
      "attachments" : [ ],
      "steps" : [ ]
    }, {
      "name" : "getAverageTimeValueByIndex[7]",
      "title" : "Get average time metric from row 7",
      "time" : {
        "start" : 1521067095574,
        "stop" : 1521067095642,
        "duration" : 68
      },
      "summary" : {
        "attachments" : 0,
        "steps" : 0
      },
      "status" : "PASSED",
      "attachments" : [ ],
      "steps" : [ ]
    }, {
      "name" : "getFinishedReadingValueByIndex[7]",
      "title" : "Get finished reading metric from row 7",
      "time" : {
        "start" : 1521067095643,
        "stop" : 1521067095719,
        "duration" : 76
      },
      "summary" : {
        "attachments" : 0,
        "steps" : 0
      },
      "status" : "PASSED",
      "attachments" : [ ],
      "steps" : [ ]
    }, {
      "name" : "getRecirculationValueByIndex[7]",
      "title" : "Get recirculation metric from row 7",
      "time" : {
        "start" : 1521067095720,
        "stop" : 1521067095794,
        "duration" : 74
      },
      "summary" : {
        "attachments" : 0,
        "steps" : 0
      },
      "status" : "PASSED",
      "attachments" : [ ],
      "steps" : [ ]
    }, {
      "name" : "getPageViewsValueByIndex[8]",
      "title" : "Get page views metric from row 8",
      "time" : {
        "start" : 1521067095796,
        "stop" : 1521067095861,
        "duration" : 65
      },
      "summary" : {
        "attachments" : 0,
        "steps" : 0
      },
      "status" : "PASSED",
      "attachments" : [ ],
      "steps" : [ ]
    }, {
      "name" : "getAverageTimeValueByIndex[8]",
      "title" : "Get average time metric from row 8",
      "time" : {
        "start" : 1521067095863,
        "stop" : 1521067095921,
        "duration" : 58
      },
      "summary" : {
        "attachments" : 0,
        "steps" : 0
      },
      "status" : "PASSED",
      "attachments" : [ ],
      "steps" : [ ]
    }, {
      "name" : "getFinishedReadingValueByIndex[8]",
      "title" : "Get finished reading metric from row 8",
      "time" : {
        "start" : 1521067095922,
        "stop" : 1521067095985,
        "duration" : 63
      },
      "summary" : {
        "attachments" : 0,
        "steps" : 0
      },
      "status" : "PASSED",
      "attachments" : [ ],
      "steps" : [ ]
    }, {
      "name" : "getRecirculationValueByIndex[8]",
      "title" : "Get recirculation metric from row 8",
      "time" : {
        "start" : 1521067095986,
        "stop" : 1521067096053,
        "duration" : 67
      },
      "summary" : {
        "attachments" : 0,
        "steps" : 0
      },
      "status" : "PASSED",
      "attachments" : [ ],
      "steps" : [ ]
    }, {
      "name" : "getPageViewsValueByIndex[9]",
      "title" : "Get page views metric from row 9",
      "time" : {
        "start" : 1521067096053,
        "stop" : 1521067096117,
        "duration" : 64
      },
      "summary" : {
        "attachments" : 0,
        "steps" : 0
      },
      "status" : "PASSED",
      "attachments" : [ ],
      "steps" : [ ]
    }, {
      "name" : "getAverageTimeValueByIndex[9]",
      "title" : "Get average time metric from row 9",
      "time" : {
        "start" : 1521067096118,
        "stop" : 1521067096180,
        "duration" : 62
      },
      "summary" : {
        "attachments" : 0,
        "steps" : 0
      },
      "status" : "PASSED",
      "attachments" : [ ],
      "steps" : [ ]
    }, {
      "name" : "getFinishedReadingValueByIndex[9]",
      "title" : "Get finished reading metric from row 9",
      "time" : {
        "start" : 1521067096181,
        "stop" : 1521067096253,
        "duration" : 72
      },
      "summary" : {
        "attachments" : 0,
        "steps" : 0
      },
      "status" : "PASSED",
      "attachments" : [ ],
      "steps" : [ ]
    }, {
      "name" : "getRecirculationValueByIndex[9]",
      "title" : "Get recirculation metric from row 9",
      "time" : {
        "start" : 1521067096254,
        "stop" : 1521067096332,
        "duration" : 78
      },
      "summary" : {
        "attachments" : 0,
        "steps" : 0
      },
      "status" : "PASSED",
      "attachments" : [ ],
      "steps" : [ ]
    }, {
      "name" : "getPageViewsValueByIndex[10]",
      "title" : "Get page views metric from row 10",
      "time" : {
        "start" : 1521067096333,
        "stop" : 1521067096400,
        "duration" : 67
      },
      "summary" : {
        "attachments" : 0,
        "steps" : 0
      },
      "status" : "PASSED",
      "attachments" : [ ],
      "steps" : [ ]
    }, {
      "name" : "getAverageTimeValueByIndex[10]",
      "title" : "Get average time metric from row 10",
      "time" : {
        "start" : 1521067096401,
        "stop" : 1521067096464,
        "duration" : 63
      },
      "summary" : {
        "attachments" : 0,
        "steps" : 0
      },
      "status" : "PASSED",
      "attachments" : [ ],
      "steps" : [ ]
    }, {
      "name" : "getFinishedReadingValueByIndex[10]",
      "title" : "Get finished reading metric from row 10",
      "time" : {
        "start" : 1521067096465,
        "stop" : 1521067096566,
        "duration" : 101
      },
      "summary" : {
        "attachments" : 0,
        "steps" : 0
      },
      "status" : "PASSED",
      "attachments" : [ ],
      "steps" : [ ]
    }, {
      "name" : "getRecirculationValueByIndex[10]",
      "title" : "Get recirculation metric from row 10",
      "time" : {
        "start" : 1521067096567,
        "stop" : 1521067096642,
        "duration" : 75
      },
      "summary" : {
        "attachments" : 0,
        "steps" : 0
      },
      "status" : "PASSED",
      "attachments" : [ ],
      "steps" : [ ]
    }, {
      "name" : "getPageViewsValueByIndex[11]",
      "title" : "Get page views metric from row 11",
      "time" : {
        "start" : 1521067096643,
        "stop" : 1521067096706,
        "duration" : 63
      },
      "summary" : {
        "attachments" : 0,
        "steps" : 0
      },
      "status" : "PASSED",
      "attachments" : [ ],
      "steps" : [ ]
    }, {
      "name" : "getAverageTimeValueByIndex[11]",
      "title" : "Get average time metric from row 11",
      "time" : {
        "start" : 1521067096707,
        "stop" : 1521067096766,
        "duration" : 59
      },
      "summary" : {
        "attachments" : 0,
        "steps" : 0
      },
      "status" : "PASSED",
      "attachments" : [ ],
      "steps" : [ ]
    }, {
      "name" : "getFinishedReadingValueByIndex[11]",
      "title" : "Get finished reading metric from row 11",
      "time" : {
        "start" : 1521067096767,
        "stop" : 1521067096847,
        "duration" : 80
      },
      "summary" : {
        "attachments" : 0,
        "steps" : 0
      },
      "status" : "PASSED",
      "attachments" : [ ],
      "steps" : [ ]
    }, {
      "name" : "getRecirculationValueByIndex[11]",
      "title" : "Get recirculation metric from row 11",
      "time" : {
        "start" : 1521067096848,
        "stop" : 1521067096917,
        "duration" : 69
      },
      "summary" : {
        "attachments" : 0,
        "steps" : 0
      },
      "status" : "PASSED",
      "attachments" : [ ],
      "steps" : [ ]
    }, {
      "name" : "getPageViewsValueByIndex[12]",
      "title" : "Get page views metric from row 12",
      "time" : {
        "start" : 1521067096918,
        "stop" : 1521067096981,
        "duration" : 63
      },
      "summary" : {
        "attachments" : 0,
        "steps" : 0
      },
      "status" : "PASSED",
      "attachments" : [ ],
      "steps" : [ ]
    }, {
      "name" : "getAverageTimeValueByIndex[12]",
      "title" : "Get average time metric from row 12",
      "time" : {
        "start" : 1521067096981,
        "stop" : 1521067097038,
        "duration" : 57
      },
      "summary" : {
        "attachments" : 0,
        "steps" : 0
      },
      "status" : "PASSED",
      "attachments" : [ ],
      "steps" : [ ]
    }, {
      "name" : "getFinishedReadingValueByIndex[12]",
      "title" : "Get finished reading metric from row 12",
      "time" : {
        "start" : 1521067097039,
        "stop" : 1521067097105,
        "duration" : 66
      },
      "summary" : {
        "attachments" : 0,
        "steps" : 0
      },
      "status" : "PASSED",
      "attachments" : [ ],
      "steps" : [ ]
    }, {
      "name" : "getRecirculationValueByIndex[12]",
      "title" : "Get recirculation metric from row 12",
      "time" : {
        "start" : 1521067097106,
        "stop" : 1521067097184,
        "duration" : 78
      },
      "summary" : {
        "attachments" : 0,
        "steps" : 0
      },
      "status" : "PASSED",
      "attachments" : [ ],
      "steps" : [ ]
    }, {
      "name" : "getPageViewsValueByIndex[13]",
      "title" : "Get page views metric from row 13",
      "time" : {
        "start" : 1521067097185,
        "stop" : 1521067097247,
        "duration" : 62
      },
      "summary" : {
        "attachments" : 0,
        "steps" : 0
      },
      "status" : "PASSED",
      "attachments" : [ ],
      "steps" : [ ]
    }, {
      "name" : "getAverageTimeValueByIndex[13]",
      "title" : "Get average time metric from row 13",
      "time" : {
        "start" : 1521067097248,
        "stop" : 1521067097302,
        "duration" : 54
      },
      "summary" : {
        "attachments" : 0,
        "steps" : 0
      },
      "status" : "PASSED",
      "attachments" : [ ],
      "steps" : [ ]
    }, {
      "name" : "getFinishedReadingValueByIndex[13]",
      "title" : "Get finished reading metric from row 13",
      "time" : {
        "start" : 1521067097303,
        "stop" : 1521067097399,
        "duration" : 96
      },
      "summary" : {
        "attachments" : 0,
        "steps" : 0
      },
      "status" : "PASSED",
      "attachments" : [ ],
      "steps" : [ ]
    }, {
      "name" : "getRecirculationValueByIndex[13]",
      "title" : "Get recirculation metric from row 13",
      "time" : {
        "start" : 1521067097400,
        "stop" : 1521067097472,
        "duration" : 72
      },
      "summary" : {
        "attachments" : 0,
        "steps" : 0
      },
      "status" : "PASSED",
      "attachments" : [ ],
      "steps" : [ ]
    }, {
      "name" : "getPageViewsValueByIndex[14]",
      "title" : "Get page views metric from row 14",
      "time" : {
        "start" : 1521067097473,
        "stop" : 1521067097533,
        "duration" : 60
      },
      "summary" : {
        "attachments" : 0,
        "steps" : 0
      },
      "status" : "PASSED",
      "attachments" : [ ],
      "steps" : [ ]
    }, {
      "name" : "getAverageTimeValueByIndex[14]",
      "title" : "Get average time metric from row 14",
      "time" : {
        "start" : 1521067097533,
        "stop" : 1521067097594,
        "duration" : 61
      },
      "summary" : {
        "attachments" : 0,
        "steps" : 0
      },
      "status" : "PASSED",
      "attachments" : [ ],
      "steps" : [ ]
    }, {
      "name" : "getFinishedReadingValueByIndex[14]",
      "title" : "Get finished reading metric from row 14",
      "time" : {
        "start" : 1521067097596,
        "stop" : 1521067097666,
        "duration" : 70
      },
      "summary" : {
        "attachments" : 0,
        "steps" : 0
      },
      "status" : "PASSED",
      "attachments" : [ ],
      "steps" : [ ]
    }, {
      "name" : "getRecirculationValueByIndex[14]",
      "title" : "Get recirculation metric from row 14",
      "time" : {
        "start" : 1521067097667,
        "stop" : 1521067097743,
        "duration" : 76
      },
      "summary" : {
        "attachments" : 0,
        "steps" : 0
      },
      "status" : "PASSED",
      "attachments" : [ ],
      "steps" : [ ]
    } ]
  }, {
    "name" : "assertArticlesOrder[[ArticleModel{pageViews=5, averageTime=Thu Jan 01 00:00:26 EET 1970, finishedReading=100, recirculat...]",
    "title" : "Assert order of articles by metric RECIRCULATION, from best: true",
    "time" : {
      "start" : 1521067097745,
      "stop" : 1521067097745,
      "duration" : 0
    },
    "summary" : {
      "attachments" : 0,
      "steps" : 0
    },
    "status" : "PASSED",
    "attachments" : [ ],
    "steps" : [ ]
  }, {
    "name" : "clickNext",
    "title" : "Click Next",
    "time" : {
      "start" : 1521067097746,
      "stop" : 1521067098083,
      "duration" : 337
    },
    "summary" : {
      "attachments" : 0,
      "steps" : 0
    },
    "status" : "PASSED",
    "attachments" : [ ],
    "steps" : [ ]
  }, {
    "name" : "waitForLoaderIsOff",
    "title" : "Wait until loader disappears",
    "time" : {
      "start" : 1521067098084,
      "stop" : 1521067099084,
      "duration" : 1000
    },
    "summary" : {
      "attachments" : 0,
      "steps" : 0
    },
    "status" : "PASSED",
    "attachments" : [ ],
    "steps" : [ ]
  }, {
    "name" : "getAllArticlesFromPage",
    "title" : "Get all articles metrics...",
    "time" : {
      "start" : 1521067099085,
      "stop" : 1521067102650,
      "duration" : 3565
    },
    "summary" : {
      "attachments" : 0,
      "steps" : 60
    },
    "status" : "PASSED",
    "attachments" : [ ],
    "steps" : [ {
      "name" : "getPageViewsValueByIndex[0]",
      "title" : "Get page views metric from row 0",
      "time" : {
        "start" : 1521067099106,
        "stop" : 1521067099170,
        "duration" : 64
      },
      "summary" : {
        "attachments" : 0,
        "steps" : 0
      },
      "status" : "PASSED",
      "attachments" : [ ],
      "steps" : [ ]
    }, {
      "name" : "getAverageTimeValueByIndex[0]",
      "title" : "Get average time metric from row 0",
      "time" : {
        "start" : 1521067099171,
        "stop" : 1521067099230,
        "duration" : 59
      },
      "summary" : {
        "attachments" : 0,
        "steps" : 0
      },
      "status" : "PASSED",
      "attachments" : [ ],
      "steps" : [ ]
    }, {
      "name" : "getFinishedReadingValueByIndex[0]",
      "title" : "Get finished reading metric from row 0",
      "time" : {
        "start" : 1521067099231,
        "stop" : 1521067099337,
        "duration" : 106
      },
      "summary" : {
        "attachments" : 0,
        "steps" : 0
      },
      "status" : "PASSED",
      "attachments" : [ ],
      "steps" : [ ]
    }, {
      "name" : "getRecirculationValueByIndex[0]",
      "title" : "Get recirculation metric from row 0",
      "time" : {
        "start" : 1521067099338,
        "stop" : 1521067099459,
        "duration" : 121
      },
      "summary" : {
        "attachments" : 0,
        "steps" : 0
      },
      "status" : "PASSED",
      "attachments" : [ ],
      "steps" : [ ]
    }, {
      "name" : "getPageViewsValueByIndex[1]",
      "title" : "Get page views metric from row 1",
      "time" : {
        "start" : 1521067099460,
        "stop" : 1521067099527,
        "duration" : 67
      },
      "summary" : {
        "attachments" : 0,
        "steps" : 0
      },
      "status" : "PASSED",
      "attachments" : [ ],
      "steps" : [ ]
    }, {
      "name" : "getAverageTimeValueByIndex[1]",
      "title" : "Get average time metric from row 1",
      "time" : {
        "start" : 1521067099528,
        "stop" : 1521067099584,
        "duration" : 56
      },
      "summary" : {
        "attachments" : 0,
        "steps" : 0
      },
      "status" : "PASSED",
      "attachments" : [ ],
      "steps" : [ ]
    }, {
      "name" : "getFinishedReadingValueByIndex[1]",
      "title" : "Get finished reading metric from row 1",
      "time" : {
        "start" : 1521067099585,
        "stop" : 1521067099651,
        "duration" : 66
      },
      "summary" : {
        "attachments" : 0,
        "steps" : 0
      },
      "status" : "PASSED",
      "attachments" : [ ],
      "steps" : [ ]
    }, {
      "name" : "getRecirculationValueByIndex[1]",
      "title" : "Get recirculation metric from row 1",
      "time" : {
        "start" : 1521067099653,
        "stop" : 1521067099718,
        "duration" : 65
      },
      "summary" : {
        "attachments" : 0,
        "steps" : 0
      },
      "status" : "PASSED",
      "attachments" : [ ],
      "steps" : [ ]
    }, {
      "name" : "getPageViewsValueByIndex[2]",
      "title" : "Get page views metric from row 2",
      "time" : {
        "start" : 1521067099720,
        "stop" : 1521067099778,
        "duration" : 58
      },
      "summary" : {
        "attachments" : 0,
        "steps" : 0
      },
      "status" : "PASSED",
      "attachments" : [ ],
      "steps" : [ ]
    }, {
      "name" : "getAverageTimeValueByIndex[2]",
      "title" : "Get average time metric from row 2",
      "time" : {
        "start" : 1521067099780,
        "stop" : 1521067099834,
        "duration" : 54
      },
      "summary" : {
        "attachments" : 0,
        "steps" : 0
      },
      "status" : "PASSED",
      "attachments" : [ ],
      "steps" : [ ]
    }, {
      "name" : "getFinishedReadingValueByIndex[2]",
      "title" : "Get finished reading metric from row 2",
      "time" : {
        "start" : 1521067099835,
        "stop" : 1521067099899,
        "duration" : 64
      },
      "summary" : {
        "attachments" : 0,
        "steps" : 0
      },
      "status" : "PASSED",
      "attachments" : [ ],
      "steps" : [ ]
    }, {
      "name" : "getRecirculationValueByIndex[2]",
      "title" : "Get recirculation metric from row 2",
      "time" : {
        "start" : 1521067099901,
        "stop" : 1521067099968,
        "duration" : 67
      },
      "summary" : {
        "attachments" : 0,
        "steps" : 0
      },
      "status" : "PASSED",
      "attachments" : [ ],
      "steps" : [ ]
    }, {
      "name" : "getPageViewsValueByIndex[3]",
      "title" : "Get page views metric from row 3",
      "time" : {
        "start" : 1521067099969,
        "stop" : 1521067100032,
        "duration" : 63
      },
      "summary" : {
        "attachments" : 0,
        "steps" : 0
      },
      "status" : "PASSED",
      "attachments" : [ ],
      "steps" : [ ]
    }, {
      "name" : "getAverageTimeValueByIndex[3]",
      "title" : "Get average time metric from row 3",
      "time" : {
        "start" : 1521067100034,
        "stop" : 1521067100104,
        "duration" : 70
      },
      "summary" : {
        "attachments" : 0,
        "steps" : 0
      },
      "status" : "PASSED",
      "attachments" : [ ],
      "steps" : [ ]
    }, {
      "name" : "getFinishedReadingValueByIndex[3]",
      "title" : "Get finished reading metric from row 3",
      "time" : {
        "start" : 1521067100104,
        "stop" : 1521067100166,
        "duration" : 62
      },
      "summary" : {
        "attachments" : 0,
        "steps" : 0
      },
      "status" : "PASSED",
      "attachments" : [ ],
      "steps" : [ ]
    }, {
      "name" : "getRecirculationValueByIndex[3]",
      "title" : "Get recirculation metric from row 3",
      "time" : {
        "start" : 1521067100167,
        "stop" : 1521067100224,
        "duration" : 57
      },
      "summary" : {
        "attachments" : 0,
        "steps" : 0
      },
      "status" : "PASSED",
      "attachments" : [ ],
      "steps" : [ ]
    }, {
      "name" : "getPageViewsValueByIndex[4]",
      "title" : "Get page views metric from row 4",
      "time" : {
        "start" : 1521067100225,
        "stop" : 1521067100273,
        "duration" : 48
      },
      "summary" : {
        "attachments" : 0,
        "steps" : 0
      },
      "status" : "PASSED",
      "attachments" : [ ],
      "steps" : [ ]
    }, {
      "name" : "getAverageTimeValueByIndex[4]",
      "title" : "Get average time metric from row 4",
      "time" : {
        "start" : 1521067100274,
        "stop" : 1521067100323,
        "duration" : 49
      },
      "summary" : {
        "attachments" : 0,
        "steps" : 0
      },
      "status" : "PASSED",
      "attachments" : [ ],
      "steps" : [ ]
    }, {
      "name" : "getFinishedReadingValueByIndex[4]",
      "title" : "Get finished reading metric from row 4",
      "time" : {
        "start" : 1521067100324,
        "stop" : 1521067100381,
        "duration" : 57
      },
      "summary" : {
        "attachments" : 0,
        "steps" : 0
      },
      "status" : "PASSED",
      "attachments" : [ ],
      "steps" : [ ]
    }, {
      "name" : "getRecirculationValueByIndex[4]",
      "title" : "Get recirculation metric from row 4",
      "time" : {
        "start" : 1521067100382,
        "stop" : 1521067100441,
        "duration" : 59
      },
      "summary" : {
        "attachments" : 0,
        "steps" : 0
      },
      "status" : "PASSED",
      "attachments" : [ ],
      "steps" : [ ]
    }, {
      "name" : "getPageViewsValueByIndex[5]",
      "title" : "Get page views metric from row 5",
      "time" : {
        "start" : 1521067100442,
        "stop" : 1521067100501,
        "duration" : 59
      },
      "summary" : {
        "attachments" : 0,
        "steps" : 0
      },
      "status" : "PASSED",
      "attachments" : [ ],
      "steps" : [ ]
    }, {
      "name" : "getAverageTimeValueByIndex[5]",
      "title" : "Get average time metric from row 5",
      "time" : {
        "start" : 1521067100502,
        "stop" : 1521067100555,
        "duration" : 53
      },
      "summary" : {
        "attachments" : 0,
        "steps" : 0
      },
      "status" : "PASSED",
      "attachments" : [ ],
      "steps" : [ ]
    }, {
      "name" : "getFinishedReadingValueByIndex[5]",
      "title" : "Get finished reading metric from row 5",
      "time" : {
        "start" : 1521067100556,
        "stop" : 1521067100611,
        "duration" : 55
      },
      "summary" : {
        "attachments" : 0,
        "steps" : 0
      },
      "status" : "PASSED",
      "attachments" : [ ],
      "steps" : [ ]
    }, {
      "name" : "getRecirculationValueByIndex[5]",
      "title" : "Get recirculation metric from row 5",
      "time" : {
        "start" : 1521067100612,
        "stop" : 1521067100670,
        "duration" : 58
      },
      "summary" : {
        "attachments" : 0,
        "steps" : 0
      },
      "status" : "PASSED",
      "attachments" : [ ],
      "steps" : [ ]
    }, {
      "name" : "getPageViewsValueByIndex[6]",
      "title" : "Get page views metric from row 6",
      "time" : {
        "start" : 1521067100671,
        "stop" : 1521067100721,
        "duration" : 50
      },
      "summary" : {
        "attachments" : 0,
        "steps" : 0
      },
      "status" : "PASSED",
      "attachments" : [ ],
      "steps" : [ ]
    }, {
      "name" : "getAverageTimeValueByIndex[6]",
      "title" : "Get average time metric from row 6",
      "time" : {
        "start" : 1521067100722,
        "stop" : 1521067100793,
        "duration" : 71
      },
      "summary" : {
        "attachments" : 0,
        "steps" : 0
      },
      "status" : "PASSED",
      "attachments" : [ ],
      "steps" : [ ]
    }, {
      "name" : "getFinishedReadingValueByIndex[6]",
      "title" : "Get finished reading metric from row 6",
      "time" : {
        "start" : 1521067100794,
        "stop" : 1521067100847,
        "duration" : 53
      },
      "summary" : {
        "attachments" : 0,
        "steps" : 0
      },
      "status" : "PASSED",
      "attachments" : [ ],
      "steps" : [ ]
    }, {
      "name" : "getRecirculationValueByIndex[6]",
      "title" : "Get recirculation metric from row 6",
      "time" : {
        "start" : 1521067100848,
        "stop" : 1521067100903,
        "duration" : 55
      },
      "summary" : {
        "attachments" : 0,
        "steps" : 0
      },
      "status" : "PASSED",
      "attachments" : [ ],
      "steps" : [ ]
    }, {
      "name" : "getPageViewsValueByIndex[7]",
      "title" : "Get page views metric from row 7",
      "time" : {
        "start" : 1521067100904,
        "stop" : 1521067100952,
        "duration" : 48
      },
      "summary" : {
        "attachments" : 0,
        "steps" : 0
      },
      "status" : "PASSED",
      "attachments" : [ ],
      "steps" : [ ]
    }, {
      "name" : "getAverageTimeValueByIndex[7]",
      "title" : "Get average time metric from row 7",
      "time" : {
        "start" : 1521067100952,
        "stop" : 1521067100996,
        "duration" : 44
      },
      "summary" : {
        "attachments" : 0,
        "steps" : 0
      },
      "status" : "PASSED",
      "attachments" : [ ],
      "steps" : [ ]
    }, {
      "name" : "getFinishedReadingValueByIndex[7]",
      "title" : "Get finished reading metric from row 7",
      "time" : {
        "start" : 1521067100997,
        "stop" : 1521067101053,
        "duration" : 56
      },
      "summary" : {
        "attachments" : 0,
        "steps" : 0
      },
      "status" : "PASSED",
      "attachments" : [ ],
      "steps" : [ ]
    }, {
      "name" : "getRecirculationValueByIndex[7]",
      "title" : "Get recirculation metric from row 7",
      "time" : {
        "start" : 1521067101054,
        "stop" : 1521067101108,
        "duration" : 54
      },
      "summary" : {
        "attachments" : 0,
        "steps" : 0
      },
      "status" : "PASSED",
      "attachments" : [ ],
      "steps" : [ ]
    }, {
      "name" : "getPageViewsValueByIndex[8]",
      "title" : "Get page views metric from row 8",
      "time" : {
        "start" : 1521067101109,
        "stop" : 1521067101157,
        "duration" : 48
      },
      "summary" : {
        "attachments" : 0,
        "steps" : 0
      },
      "status" : "PASSED",
      "attachments" : [ ],
      "steps" : [ ]
    }, {
      "name" : "getAverageTimeValueByIndex[8]",
      "title" : "Get average time metric from row 8",
      "time" : {
        "start" : 1521067101158,
        "stop" : 1521067101211,
        "duration" : 53
      },
      "summary" : {
        "attachments" : 0,
        "steps" : 0
      },
      "status" : "PASSED",
      "attachments" : [ ],
      "steps" : [ ]
    }, {
      "name" : "getFinishedReadingValueByIndex[8]",
      "title" : "Get finished reading metric from row 8",
      "time" : {
        "start" : 1521067101212,
        "stop" : 1521067101281,
        "duration" : 69
      },
      "summary" : {
        "attachments" : 0,
        "steps" : 0
      },
      "status" : "PASSED",
      "attachments" : [ ],
      "steps" : [ ]
    }, {
      "name" : "getRecirculationValueByIndex[8]",
      "title" : "Get recirculation metric from row 8",
      "time" : {
        "start" : 1521067101282,
        "stop" : 1521067101341,
        "duration" : 59
      },
      "summary" : {
        "attachments" : 0,
        "steps" : 0
      },
      "status" : "PASSED",
      "attachments" : [ ],
      "steps" : [ ]
    }, {
      "name" : "getPageViewsValueByIndex[9]",
      "title" : "Get page views metric from row 9",
      "time" : {
        "start" : 1521067101342,
        "stop" : 1521067101392,
        "duration" : 50
      },
      "summary" : {
        "attachments" : 0,
        "steps" : 0
      },
      "status" : "PASSED",
      "attachments" : [ ],
      "steps" : [ ]
    }, {
      "name" : "getAverageTimeValueByIndex[9]",
      "title" : "Get average time metric from row 9",
      "time" : {
        "start" : 1521067101393,
        "stop" : 1521067101443,
        "duration" : 50
      },
      "summary" : {
        "attachments" : 0,
        "steps" : 0
      },
      "status" : "PASSED",
      "attachments" : [ ],
      "steps" : [ ]
    }, {
      "name" : "getFinishedReadingValueByIndex[9]",
      "title" : "Get finished reading metric from row 9",
      "time" : {
        "start" : 1521067101444,
        "stop" : 1521067101505,
        "duration" : 61
      },
      "summary" : {
        "attachments" : 0,
        "steps" : 0
      },
      "status" : "PASSED",
      "attachments" : [ ],
      "steps" : [ ]
    }, {
      "name" : "getRecirculationValueByIndex[9]",
      "title" : "Get recirculation metric from row 9",
      "time" : {
        "start" : 1521067101505,
        "stop" : 1521067101569,
        "duration" : 64
      },
      "summary" : {
        "attachments" : 0,
        "steps" : 0
      },
      "status" : "PASSED",
      "attachments" : [ ],
      "steps" : [ ]
    }, {
      "name" : "getPageViewsValueByIndex[10]",
      "title" : "Get page views metric from row 10",
      "time" : {
        "start" : 1521067101570,
        "stop" : 1521067101621,
        "duration" : 51
      },
      "summary" : {
        "attachments" : 0,
        "steps" : 0
      },
      "status" : "PASSED",
      "attachments" : [ ],
      "steps" : [ ]
    }, {
      "name" : "getAverageTimeValueByIndex[10]",
      "title" : "Get average time metric from row 10",
      "time" : {
        "start" : 1521067101621,
        "stop" : 1521067101666,
        "duration" : 45
      },
      "summary" : {
        "attachments" : 0,
        "steps" : 0
      },
      "status" : "PASSED",
      "attachments" : [ ],
      "steps" : [ ]
    }, {
      "name" : "getFinishedReadingValueByIndex[10]",
      "title" : "Get finished reading metric from row 10",
      "time" : {
        "start" : 1521067101667,
        "stop" : 1521067101719,
        "duration" : 52
      },
      "summary" : {
        "attachments" : 0,
        "steps" : 0
      },
      "status" : "PASSED",
      "attachments" : [ ],
      "steps" : [ ]
    }, {
      "name" : "getRecirculationValueByIndex[10]",
      "title" : "Get recirculation metric from row 10",
      "time" : {
        "start" : 1521067101721,
        "stop" : 1521067101772,
        "duration" : 51
      },
      "summary" : {
        "attachments" : 0,
        "steps" : 0
      },
      "status" : "PASSED",
      "attachments" : [ ],
      "steps" : [ ]
    }, {
      "name" : "getPageViewsValueByIndex[11]",
      "title" : "Get page views metric from row 11",
      "time" : {
        "start" : 1521067101773,
        "stop" : 1521067101819,
        "duration" : 46
      },
      "summary" : {
        "attachments" : 0,
        "steps" : 0
      },
      "status" : "PASSED",
      "attachments" : [ ],
      "steps" : [ ]
    }, {
      "name" : "getAverageTimeValueByIndex[11]",
      "title" : "Get average time metric from row 11",
      "time" : {
        "start" : 1521067101819,
        "stop" : 1521067101867,
        "duration" : 48
      },
      "summary" : {
        "attachments" : 0,
        "steps" : 0
      },
      "status" : "PASSED",
      "attachments" : [ ],
      "steps" : [ ]
    }, {
      "name" : "getFinishedReadingValueByIndex[11]",
      "title" : "Get finished reading metric from row 11",
      "time" : {
        "start" : 1521067101868,
        "stop" : 1521067101919,
        "duration" : 51
      },
      "summary" : {
        "attachments" : 0,
        "steps" : 0
      },
      "status" : "PASSED",
      "attachments" : [ ],
      "steps" : [ ]
    }, {
      "name" : "getRecirculationValueByIndex[11]",
      "title" : "Get recirculation metric from row 11",
      "time" : {
        "start" : 1521067101920,
        "stop" : 1521067101978,
        "duration" : 58
      },
      "summary" : {
        "attachments" : 0,
        "steps" : 0
      },
      "status" : "PASSED",
      "attachments" : [ ],
      "steps" : [ ]
    }, {
      "name" : "getPageViewsValueByIndex[12]",
      "title" : "Get page views metric from row 12",
      "time" : {
        "start" : 1521067101979,
        "stop" : 1521067102048,
        "duration" : 69
      },
      "summary" : {
        "attachments" : 0,
        "steps" : 0
      },
      "status" : "PASSED",
      "attachments" : [ ],
      "steps" : [ ]
    }, {
      "name" : "getAverageTimeValueByIndex[12]",
      "title" : "Get average time metric from row 12",
      "time" : {
        "start" : 1521067102049,
        "stop" : 1521067102098,
        "duration" : 49
      },
      "summary" : {
        "attachments" : 0,
        "steps" : 0
      },
      "status" : "PASSED",
      "attachments" : [ ],
      "steps" : [ ]
    }, {
      "name" : "getFinishedReadingValueByIndex[12]",
      "title" : "Get finished reading metric from row 12",
      "time" : {
        "start" : 1521067102099,
        "stop" : 1521067102154,
        "duration" : 55
      },
      "summary" : {
        "attachments" : 0,
        "steps" : 0
      },
      "status" : "PASSED",
      "attachments" : [ ],
      "steps" : [ ]
    }, {
      "name" : "getRecirculationValueByIndex[12]",
      "title" : "Get recirculation metric from row 12",
      "time" : {
        "start" : 1521067102155,
        "stop" : 1521067102209,
        "duration" : 54
      },
      "summary" : {
        "attachments" : 0,
        "steps" : 0
      },
      "status" : "PASSED",
      "attachments" : [ ],
      "steps" : [ ]
    }, {
      "name" : "getPageViewsValueByIndex[13]",
      "title" : "Get page views metric from row 13",
      "time" : {
        "start" : 1521067102210,
        "stop" : 1521067102263,
        "duration" : 53
      },
      "summary" : {
        "attachments" : 0,
        "steps" : 0
      },
      "status" : "PASSED",
      "attachments" : [ ],
      "steps" : [ ]
    }, {
      "name" : "getAverageTimeValueByIndex[13]",
      "title" : "Get average time metric from row 13",
      "time" : {
        "start" : 1521067102264,
        "stop" : 1521067102329,
        "duration" : 65
      },
      "summary" : {
        "attachments" : 0,
        "steps" : 0
      },
      "status" : "PASSED",
      "attachments" : [ ],
      "steps" : [ ]
    }, {
      "name" : "getFinishedReadingValueByIndex[13]",
      "title" : "Get finished reading metric from row 13",
      "time" : {
        "start" : 1521067102330,
        "stop" : 1521067102387,
        "duration" : 57
      },
      "summary" : {
        "attachments" : 0,
        "steps" : 0
      },
      "status" : "PASSED",
      "attachments" : [ ],
      "steps" : [ ]
    }, {
      "name" : "getRecirculationValueByIndex[13]",
      "title" : "Get recirculation metric from row 13",
      "time" : {
        "start" : 1521067102388,
        "stop" : 1521067102441,
        "duration" : 53
      },
      "summary" : {
        "attachments" : 0,
        "steps" : 0
      },
      "status" : "PASSED",
      "attachments" : [ ],
      "steps" : [ ]
    }, {
      "name" : "getPageViewsValueByIndex[14]",
      "title" : "Get page views metric from row 14",
      "time" : {
        "start" : 1521067102442,
        "stop" : 1521067102491,
        "duration" : 49
      },
      "summary" : {
        "attachments" : 0,
        "steps" : 0
      },
      "status" : "PASSED",
      "attachments" : [ ],
      "steps" : [ ]
    }, {
      "name" : "getAverageTimeValueByIndex[14]",
      "title" : "Get average time metric from row 14",
      "time" : {
        "start" : 1521067102492,
        "stop" : 1521067102539,
        "duration" : 47
      },
      "summary" : {
        "attachments" : 0,
        "steps" : 0
      },
      "status" : "PASSED",
      "attachments" : [ ],
      "steps" : [ ]
    }, {
      "name" : "getFinishedReadingValueByIndex[14]",
      "title" : "Get finished reading metric from row 14",
      "time" : {
        "start" : 1521067102540,
        "stop" : 1521067102597,
        "duration" : 57
      },
      "summary" : {
        "attachments" : 0,
        "steps" : 0
      },
      "status" : "PASSED",
      "attachments" : [ ],
      "steps" : [ ]
    }, {
      "name" : "getRecirculationValueByIndex[14]",
      "title" : "Get recirculation metric from row 14",
      "time" : {
        "start" : 1521067102598,
        "stop" : 1521067102650,
        "duration" : 52
      },
      "summary" : {
        "attachments" : 0,
        "steps" : 0
      },
      "status" : "PASSED",
      "attachments" : [ ],
      "steps" : [ ]
    } ]
  }, {
    "name" : "assertArticlesOrder[[ArticleModel{pageViews=6, averageTime=Thu Jan 01 00:00:10 EET 1970, finishedReading=67, recirculati...]",
    "title" : "Assert order of articles by metric RECIRCULATION, from best: true",
    "time" : {
      "start" : 1521067102651,
      "stop" : 1521067102651,
      "duration" : 0
    },
    "summary" : {
      "attachments" : 0,
      "steps" : 0
    },
    "status" : "PASSED",
    "attachments" : [ ],
    "steps" : [ ]
  } ],
  "attachments" : [ ],
  "issues" : [ ],
  "labels" : [ {
    "name" : "suite-title",
    "value" : "TestTask : reportingTests"
  }, {
    "name" : "thread",
    "value" : "10320@ALEX.main(1)"
  }, {
    "name" : "framework",
    "value" : "TestNG"
  }, {
    "name" : "suite-name",
    "value" : "TestTask : reportingTests"
  }, {
    "name" : "host",
    "value" : "ALEX"
  }, {
    "name" : "language",
    "value" : "JAVA"
  }, {
    "name" : "story",
    "value" : "Google Chrome"
  }, {
    "name" : "feature",
    "value" : "Desktop check sorting by metrics (Task 4)"
  } ],
  "parameters" : [ ]
}