{
  "uid" : "199e003fbc1be428",
  "name" : "verifySortingByMetricsFromWorst[AVERAGE_TIME]",
  "title" : "Verify sorting by metrics from worst [AVERAGE_TIME]",
  "time" : {
    "start" : 1521067120209,
    "stop" : 1521067133880,
    "duration" : 13671
  },
  "summary" : {
    "attachments" : 0,
    "steps" : 132
  },
  "failure" : null,
  "description" : null,
  "severity" : "NORMAL",
  "status" : "PASSED",
  "testId" : null,
  "suite" : {
    "uid" : "ff2847323540eebb",
    "name" : "TestTask : reportingTests",
    "title" : "TestTask : reportingTests"
  },
  "steps" : [ {
    "name" : "clickBack",
    "title" : "Click Back",
    "time" : {
      "start" : 1521067118883,
      "stop" : 1521067119274,
      "duration" : 391
    },
    "summary" : {
      "attachments" : 0,
      "steps" : 0
    },
    "status" : "PASSED",
    "attachments" : [ ],
    "steps" : [ ]
  }, {
    "name" : "waitForLoaderIsOff",
    "title" : "Wait until loader disappears",
    "time" : {
      "start" : 1521067119276,
      "stop" : 1521067120208,
      "duration" : 932
    },
    "summary" : {
      "attachments" : 0,
      "steps" : 0
    },
    "status" : "PASSED",
    "attachments" : [ ],
    "steps" : [ ]
  }, {
    "name" : "setSortingDirection[false]",
    "title" : "Set sorting direction from best to worst: false",
    "time" : {
      "start" : 1521067120210,
      "stop" : 1521067120235,
      "duration" : 25
    },
    "summary" : {
      "attachments" : 0,
      "steps" : 0
    },
    "status" : "PASSED",
    "attachments" : [ ],
    "steps" : [ ]
  }, {
    "name" : "waitForLoaderIsOff",
    "title" : "Wait until loader disappears",
    "time" : {
      "start" : 1521067120236,
      "stop" : 1521067122315,
      "duration" : 2079
    },
    "summary" : {
      "attachments" : 0,
      "steps" : 0
    },
    "status" : "PASSED",
    "attachments" : [ ],
    "steps" : [ ]
  }, {
    "name" : "sortByMetric[AVERAGE_TIME]",
    "title" : "Select metric to sort: AVERAGE_TIME",
    "time" : {
      "start" : 1521067122316,
      "stop" : 1521067122832,
      "duration" : 516
    },
    "summary" : {
      "attachments" : 0,
      "steps" : 0
    },
    "status" : "PASSED",
    "attachments" : [ ],
    "steps" : [ ]
  }, {
    "name" : "waitForLoaderIsOff",
    "title" : "Wait until loader disappears",
    "time" : {
      "start" : 1521067122832,
      "stop" : 1521067123980,
      "duration" : 1148
    },
    "summary" : {
      "attachments" : 0,
      "steps" : 0
    },
    "status" : "PASSED",
    "attachments" : [ ],
    "steps" : [ ]
  }, {
    "name" : "getAllArticlesFromPage",
    "title" : "Get all articles metrics...",
    "time" : {
      "start" : 1521067123981,
      "stop" : 1521067128206,
      "duration" : 4225
    },
    "summary" : {
      "attachments" : 0,
      "steps" : 60
    },
    "status" : "PASSED",
    "attachments" : [ ],
    "steps" : [ {
      "name" : "getPageViewsValueByIndex[0]",
      "title" : "Get page views metric from row 0",
      "time" : {
        "start" : 1521067124020,
        "stop" : 1521067124107,
        "duration" : 87
      },
      "summary" : {
        "attachments" : 0,
        "steps" : 0
      },
      "status" : "PASSED",
      "attachments" : [ ],
      "steps" : [ ]
    }, {
      "name" : "getAverageTimeValueByIndex[0]",
      "title" : "Get average time metric from row 0",
      "time" : {
        "start" : 1521067124108,
        "stop" : 1521067124186,
        "duration" : 78
      },
      "summary" : {
        "attachments" : 0,
        "steps" : 0
      },
      "status" : "PASSED",
      "attachments" : [ ],
      "steps" : [ ]
    }, {
      "name" : "getFinishedReadingValueByIndex[0]",
      "title" : "Get finished reading metric from row 0",
      "time" : {
        "start" : 1521067124187,
        "stop" : 1521067124255,
        "duration" : 68
      },
      "summary" : {
        "attachments" : 0,
        "steps" : 0
      },
      "status" : "PASSED",
      "attachments" : [ ],
      "steps" : [ ]
    }, {
      "name" : "getRecirculationValueByIndex[0]",
      "title" : "Get recirculation metric from row 0",
      "time" : {
        "start" : 1521067124256,
        "stop" : 1521067124355,
        "duration" : 99
      },
      "summary" : {
        "attachments" : 0,
        "steps" : 0
      },
      "status" : "PASSED",
      "attachments" : [ ],
      "steps" : [ ]
    }, {
      "name" : "getPageViewsValueByIndex[1]",
      "title" : "Get page views metric from row 1",
      "time" : {
        "start" : 1521067124356,
        "stop" : 1521067124416,
        "duration" : 60
      },
      "summary" : {
        "attachments" : 0,
        "steps" : 0
      },
      "status" : "PASSED",
      "attachments" : [ ],
      "steps" : [ ]
    }, {
      "name" : "getAverageTimeValueByIndex[1]",
      "title" : "Get average time metric from row 1",
      "time" : {
        "start" : 1521067124417,
        "stop" : 1521067124466,
        "duration" : 49
      },
      "summary" : {
        "attachments" : 0,
        "steps" : 0
      },
      "status" : "PASSED",
      "attachments" : [ ],
      "steps" : [ ]
    }, {
      "name" : "getFinishedReadingValueByIndex[1]",
      "title" : "Get finished reading metric from row 1",
      "time" : {
        "start" : 1521067124467,
        "stop" : 1521067124532,
        "duration" : 65
      },
      "summary" : {
        "attachments" : 0,
        "steps" : 0
      },
      "status" : "PASSED",
      "attachments" : [ ],
      "steps" : [ ]
    }, {
      "name" : "getRecirculationValueByIndex[1]",
      "title" : "Get recirculation metric from row 1",
      "time" : {
        "start" : 1521067124533,
        "stop" : 1521067124589,
        "duration" : 56
      },
      "summary" : {
        "attachments" : 0,
        "steps" : 0
      },
      "status" : "PASSED",
      "attachments" : [ ],
      "steps" : [ ]
    }, {
      "name" : "getPageViewsValueByIndex[2]",
      "title" : "Get page views metric from row 2",
      "time" : {
        "start" : 1521067124590,
        "stop" : 1521067124648,
        "duration" : 58
      },
      "summary" : {
        "attachments" : 0,
        "steps" : 0
      },
      "status" : "PASSED",
      "attachments" : [ ],
      "steps" : [ ]
    }, {
      "name" : "getAverageTimeValueByIndex[2]",
      "title" : "Get average time metric from row 2",
      "time" : {
        "start" : 1521067124649,
        "stop" : 1521067124756,
        "duration" : 107
      },
      "summary" : {
        "attachments" : 0,
        "steps" : 0
      },
      "status" : "PASSED",
      "attachments" : [ ],
      "steps" : [ ]
    }, {
      "name" : "getFinishedReadingValueByIndex[2]",
      "title" : "Get finished reading metric from row 2",
      "time" : {
        "start" : 1521067124759,
        "stop" : 1521067124871,
        "duration" : 112
      },
      "summary" : {
        "attachments" : 0,
        "steps" : 0
      },
      "status" : "PASSED",
      "attachments" : [ ],
      "steps" : [ ]
    }, {
      "name" : "getRecirculationValueByIndex[2]",
      "title" : "Get recirculation metric from row 2",
      "time" : {
        "start" : 1521067124872,
        "stop" : 1521067125014,
        "duration" : 142
      },
      "summary" : {
        "attachments" : 0,
        "steps" : 0
      },
      "status" : "PASSED",
      "attachments" : [ ],
      "steps" : [ ]
    }, {
      "name" : "getPageViewsValueByIndex[3]",
      "title" : "Get page views metric from row 3",
      "time" : {
        "start" : 1521067125015,
        "stop" : 1521067125118,
        "duration" : 103
      },
      "summary" : {
        "attachments" : 0,
        "steps" : 0
      },
      "status" : "PASSED",
      "attachments" : [ ],
      "steps" : [ ]
    }, {
      "name" : "getAverageTimeValueByIndex[3]",
      "title" : "Get average time metric from row 3",
      "time" : {
        "start" : 1521067125118,
        "stop" : 1521067125172,
        "duration" : 54
      },
      "summary" : {
        "attachments" : 0,
        "steps" : 0
      },
      "status" : "PASSED",
      "attachments" : [ ],
      "steps" : [ ]
    }, {
      "name" : "getFinishedReadingValueByIndex[3]",
      "title" : "Get finished reading metric from row 3",
      "time" : {
        "start" : 1521067125173,
        "stop" : 1521067125240,
        "duration" : 67
      },
      "summary" : {
        "attachments" : 0,
        "steps" : 0
      },
      "status" : "PASSED",
      "attachments" : [ ],
      "steps" : [ ]
    }, {
      "name" : "getRecirculationValueByIndex[3]",
      "title" : "Get recirculation metric from row 3",
      "time" : {
        "start" : 1521067125241,
        "stop" : 1521067125299,
        "duration" : 58
      },
      "summary" : {
        "attachments" : 0,
        "steps" : 0
      },
      "status" : "PASSED",
      "attachments" : [ ],
      "steps" : [ ]
    }, {
      "name" : "getPageViewsValueByIndex[4]",
      "title" : "Get page views metric from row 4",
      "time" : {
        "start" : 1521067125300,
        "stop" : 1521067125350,
        "duration" : 50
      },
      "summary" : {
        "attachments" : 0,
        "steps" : 0
      },
      "status" : "PASSED",
      "attachments" : [ ],
      "steps" : [ ]
    }, {
      "name" : "getAverageTimeValueByIndex[4]",
      "title" : "Get average time metric from row 4",
      "time" : {
        "start" : 1521067125350,
        "stop" : 1521067125440,
        "duration" : 90
      },
      "summary" : {
        "attachments" : 0,
        "steps" : 0
      },
      "status" : "PASSED",
      "attachments" : [ ],
      "steps" : [ ]
    }, {
      "name" : "getFinishedReadingValueByIndex[4]",
      "title" : "Get finished reading metric from row 4",
      "time" : {
        "start" : 1521067125440,
        "stop" : 1521067125549,
        "duration" : 109
      },
      "summary" : {
        "attachments" : 0,
        "steps" : 0
      },
      "status" : "PASSED",
      "attachments" : [ ],
      "steps" : [ ]
    }, {
      "name" : "getRecirculationValueByIndex[4]",
      "title" : "Get recirculation metric from row 4",
      "time" : {
        "start" : 1521067125551,
        "stop" : 1521067125640,
        "duration" : 89
      },
      "summary" : {
        "attachments" : 0,
        "steps" : 0
      },
      "status" : "PASSED",
      "attachments" : [ ],
      "steps" : [ ]
    }, {
      "name" : "getPageViewsValueByIndex[5]",
      "title" : "Get page views metric from row 5",
      "time" : {
        "start" : 1521067125641,
        "stop" : 1521067125695,
        "duration" : 54
      },
      "summary" : {
        "attachments" : 0,
        "steps" : 0
      },
      "status" : "PASSED",
      "attachments" : [ ],
      "steps" : [ ]
    }, {
      "name" : "getAverageTimeValueByIndex[5]",
      "title" : "Get average time metric from row 5",
      "time" : {
        "start" : 1521067125696,
        "stop" : 1521067125738,
        "duration" : 42
      },
      "summary" : {
        "attachments" : 0,
        "steps" : 0
      },
      "status" : "PASSED",
      "attachments" : [ ],
      "steps" : [ ]
    }, {
      "name" : "getFinishedReadingValueByIndex[5]",
      "title" : "Get finished reading metric from row 5",
      "time" : {
        "start" : 1521067125739,
        "stop" : 1521067125790,
        "duration" : 51
      },
      "summary" : {
        "attachments" : 0,
        "steps" : 0
      },
      "status" : "PASSED",
      "attachments" : [ ],
      "steps" : [ ]
    }, {
      "name" : "getRecirculationValueByIndex[5]",
      "title" : "Get recirculation metric from row 5",
      "time" : {
        "start" : 1521067125791,
        "stop" : 1521067125845,
        "duration" : 54
      },
      "summary" : {
        "attachments" : 0,
        "steps" : 0
      },
      "status" : "PASSED",
      "attachments" : [ ],
      "steps" : [ ]
    }, {
      "name" : "getPageViewsValueByIndex[6]",
      "title" : "Get page views metric from row 6",
      "time" : {
        "start" : 1521067125846,
        "stop" : 1521067125896,
        "duration" : 50
      },
      "summary" : {
        "attachments" : 0,
        "steps" : 0
      },
      "status" : "PASSED",
      "attachments" : [ ],
      "steps" : [ ]
    }, {
      "name" : "getAverageTimeValueByIndex[6]",
      "title" : "Get average time metric from row 6",
      "time" : {
        "start" : 1521067125897,
        "stop" : 1521067125944,
        "duration" : 47
      },
      "summary" : {
        "attachments" : 0,
        "steps" : 0
      },
      "status" : "PASSED",
      "attachments" : [ ],
      "steps" : [ ]
    }, {
      "name" : "getFinishedReadingValueByIndex[6]",
      "title" : "Get finished reading metric from row 6",
      "time" : {
        "start" : 1521067125945,
        "stop" : 1521067125995,
        "duration" : 50
      },
      "summary" : {
        "attachments" : 0,
        "steps" : 0
      },
      "status" : "PASSED",
      "attachments" : [ ],
      "steps" : [ ]
    }, {
      "name" : "getRecirculationValueByIndex[6]",
      "title" : "Get recirculation metric from row 6",
      "time" : {
        "start" : 1521067125996,
        "stop" : 1521067126046,
        "duration" : 50
      },
      "summary" : {
        "attachments" : 0,
        "steps" : 0
      },
      "status" : "PASSED",
      "attachments" : [ ],
      "steps" : [ ]
    }, {
      "name" : "getPageViewsValueByIndex[7]",
      "title" : "Get page views metric from row 7",
      "time" : {
        "start" : 1521067126047,
        "stop" : 1521067126139,
        "duration" : 92
      },
      "summary" : {
        "attachments" : 0,
        "steps" : 0
      },
      "status" : "PASSED",
      "attachments" : [ ],
      "steps" : [ ]
    }, {
      "name" : "getAverageTimeValueByIndex[7]",
      "title" : "Get average time metric from row 7",
      "time" : {
        "start" : 1521067126140,
        "stop" : 1521067126194,
        "duration" : 54
      },
      "summary" : {
        "attachments" : 0,
        "steps" : 0
      },
      "status" : "PASSED",
      "attachments" : [ ],
      "steps" : [ ]
    }, {
      "name" : "getFinishedReadingValueByIndex[7]",
      "title" : "Get finished reading metric from row 7",
      "time" : {
        "start" : 1521067126195,
        "stop" : 1521067126254,
        "duration" : 59
      },
      "summary" : {
        "attachments" : 0,
        "steps" : 0
      },
      "status" : "PASSED",
      "attachments" : [ ],
      "steps" : [ ]
    }, {
      "name" : "getRecirculationValueByIndex[7]",
      "title" : "Get recirculation metric from row 7",
      "time" : {
        "start" : 1521067126255,
        "stop" : 1521067126325,
        "duration" : 70
      },
      "summary" : {
        "attachments" : 0,
        "steps" : 0
      },
      "status" : "PASSED",
      "attachments" : [ ],
      "steps" : [ ]
    }, {
      "name" : "getPageViewsValueByIndex[8]",
      "title" : "Get page views metric from row 8",
      "time" : {
        "start" : 1521067126327,
        "stop" : 1521067126418,
        "duration" : 91
      },
      "summary" : {
        "attachments" : 0,
        "steps" : 0
      },
      "status" : "PASSED",
      "attachments" : [ ],
      "steps" : [ ]
    }, {
      "name" : "getAverageTimeValueByIndex[8]",
      "title" : "Get average time metric from row 8",
      "time" : {
        "start" : 1521067126419,
        "stop" : 1521067126514,
        "duration" : 95
      },
      "summary" : {
        "attachments" : 0,
        "steps" : 0
      },
      "status" : "PASSED",
      "attachments" : [ ],
      "steps" : [ ]
    }, {
      "name" : "getFinishedReadingValueByIndex[8]",
      "title" : "Get finished reading metric from row 8",
      "time" : {
        "start" : 1521067126516,
        "stop" : 1521067126606,
        "duration" : 90
      },
      "summary" : {
        "attachments" : 0,
        "steps" : 0
      },
      "status" : "PASSED",
      "attachments" : [ ],
      "steps" : [ ]
    }, {
      "name" : "getRecirculationValueByIndex[8]",
      "title" : "Get recirculation metric from row 8",
      "time" : {
        "start" : 1521067126607,
        "stop" : 1521067126663,
        "duration" : 56
      },
      "summary" : {
        "attachments" : 0,
        "steps" : 0
      },
      "status" : "PASSED",
      "attachments" : [ ],
      "steps" : [ ]
    }, {
      "name" : "getPageViewsValueByIndex[9]",
      "title" : "Get page views metric from row 9",
      "time" : {
        "start" : 1521067126664,
        "stop" : 1521067126714,
        "duration" : 50
      },
      "summary" : {
        "attachments" : 0,
        "steps" : 0
      },
      "status" : "PASSED",
      "attachments" : [ ],
      "steps" : [ ]
    }, {
      "name" : "getAverageTimeValueByIndex[9]",
      "title" : "Get average time metric from row 9",
      "time" : {
        "start" : 1521067126715,
        "stop" : 1521067126757,
        "duration" : 42
      },
      "summary" : {
        "attachments" : 0,
        "steps" : 0
      },
      "status" : "PASSED",
      "attachments" : [ ],
      "steps" : [ ]
    }, {
      "name" : "getFinishedReadingValueByIndex[9]",
      "title" : "Get finished reading metric from row 9",
      "time" : {
        "start" : 1521067126758,
        "stop" : 1521067126813,
        "duration" : 55
      },
      "summary" : {
        "attachments" : 0,
        "steps" : 0
      },
      "status" : "PASSED",
      "attachments" : [ ],
      "steps" : [ ]
    }, {
      "name" : "getRecirculationValueByIndex[9]",
      "title" : "Get recirculation metric from row 9",
      "time" : {
        "start" : 1521067126814,
        "stop" : 1521067126872,
        "duration" : 58
      },
      "summary" : {
        "attachments" : 0,
        "steps" : 0
      },
      "status" : "PASSED",
      "attachments" : [ ],
      "steps" : [ ]
    }, {
      "name" : "getPageViewsValueByIndex[10]",
      "title" : "Get page views metric from row 10",
      "time" : {
        "start" : 1521067126873,
        "stop" : 1521067126951,
        "duration" : 78
      },
      "summary" : {
        "attachments" : 0,
        "steps" : 0
      },
      "status" : "PASSED",
      "attachments" : [ ],
      "steps" : [ ]
    }, {
      "name" : "getAverageTimeValueByIndex[10]",
      "title" : "Get average time metric from row 10",
      "time" : {
        "start" : 1521067126953,
        "stop" : 1521067127032,
        "duration" : 79
      },
      "summary" : {
        "attachments" : 0,
        "steps" : 0
      },
      "status" : "PASSED",
      "attachments" : [ ],
      "steps" : [ ]
    }, {
      "name" : "getFinishedReadingValueByIndex[10]",
      "title" : "Get finished reading metric from row 10",
      "time" : {
        "start" : 1521067127033,
        "stop" : 1521067127110,
        "duration" : 77
      },
      "summary" : {
        "attachments" : 0,
        "steps" : 0
      },
      "status" : "PASSED",
      "attachments" : [ ],
      "steps" : [ ]
    }, {
      "name" : "getRecirculationValueByIndex[10]",
      "title" : "Get recirculation metric from row 10",
      "time" : {
        "start" : 1521067127112,
        "stop" : 1521067127166,
        "duration" : 54
      },
      "summary" : {
        "attachments" : 0,
        "steps" : 0
      },
      "status" : "PASSED",
      "attachments" : [ ],
      "steps" : [ ]
    }, {
      "name" : "getPageViewsValueByIndex[11]",
      "title" : "Get page views metric from row 11",
      "time" : {
        "start" : 1521067127167,
        "stop" : 1521067127236,
        "duration" : 69
      },
      "summary" : {
        "attachments" : 0,
        "steps" : 0
      },
      "status" : "PASSED",
      "attachments" : [ ],
      "steps" : [ ]
    }, {
      "name" : "getAverageTimeValueByIndex[11]",
      "title" : "Get average time metric from row 11",
      "time" : {
        "start" : 1521067127237,
        "stop" : 1521067127290,
        "duration" : 53
      },
      "summary" : {
        "attachments" : 0,
        "steps" : 0
      },
      "status" : "PASSED",
      "attachments" : [ ],
      "steps" : [ ]
    }, {
      "name" : "getFinishedReadingValueByIndex[11]",
      "title" : "Get finished reading metric from row 11",
      "time" : {
        "start" : 1521067127291,
        "stop" : 1521067127348,
        "duration" : 57
      },
      "summary" : {
        "attachments" : 0,
        "steps" : 0
      },
      "status" : "PASSED",
      "attachments" : [ ],
      "steps" : [ ]
    }, {
      "name" : "getRecirculationValueByIndex[11]",
      "title" : "Get recirculation metric from row 11",
      "time" : {
        "start" : 1521067127349,
        "stop" : 1521067127407,
        "duration" : 58
      },
      "summary" : {
        "attachments" : 0,
        "steps" : 0
      },
      "status" : "PASSED",
      "attachments" : [ ],
      "steps" : [ ]
    }, {
      "name" : "getPageViewsValueByIndex[12]",
      "title" : "Get page views metric from row 12",
      "time" : {
        "start" : 1521067127408,
        "stop" : 1521067127464,
        "duration" : 56
      },
      "summary" : {
        "attachments" : 0,
        "steps" : 0
      },
      "status" : "PASSED",
      "attachments" : [ ],
      "steps" : [ ]
    }, {
      "name" : "getAverageTimeValueByIndex[12]",
      "title" : "Get average time metric from row 12",
      "time" : {
        "start" : 1521067127465,
        "stop" : 1521067127511,
        "duration" : 46
      },
      "summary" : {
        "attachments" : 0,
        "steps" : 0
      },
      "status" : "PASSED",
      "attachments" : [ ],
      "steps" : [ ]
    }, {
      "name" : "getFinishedReadingValueByIndex[12]",
      "title" : "Get finished reading metric from row 12",
      "time" : {
        "start" : 1521067127512,
        "stop" : 1521067127580,
        "duration" : 68
      },
      "summary" : {
        "attachments" : 0,
        "steps" : 0
      },
      "status" : "PASSED",
      "attachments" : [ ],
      "steps" : [ ]
    }, {
      "name" : "getRecirculationValueByIndex[12]",
      "title" : "Get recirculation metric from row 12",
      "time" : {
        "start" : 1521067127581,
        "stop" : 1521067127656,
        "duration" : 75
      },
      "summary" : {
        "attachments" : 0,
        "steps" : 0
      },
      "status" : "PASSED",
      "attachments" : [ ],
      "steps" : [ ]
    }, {
      "name" : "getPageViewsValueByIndex[13]",
      "title" : "Get page views metric from row 13",
      "time" : {
        "start" : 1521067127657,
        "stop" : 1521067127724,
        "duration" : 67
      },
      "summary" : {
        "attachments" : 0,
        "steps" : 0
      },
      "status" : "PASSED",
      "attachments" : [ ],
      "steps" : [ ]
    }, {
      "name" : "getAverageTimeValueByIndex[13]",
      "title" : "Get average time metric from row 13",
      "time" : {
        "start" : 1521067127725,
        "stop" : 1521067127773,
        "duration" : 48
      },
      "summary" : {
        "attachments" : 0,
        "steps" : 0
      },
      "status" : "PASSED",
      "attachments" : [ ],
      "steps" : [ ]
    }, {
      "name" : "getFinishedReadingValueByIndex[13]",
      "title" : "Get finished reading metric from row 13",
      "time" : {
        "start" : 1521067127774,
        "stop" : 1521067127833,
        "duration" : 59
      },
      "summary" : {
        "attachments" : 0,
        "steps" : 0
      },
      "status" : "PASSED",
      "attachments" : [ ],
      "steps" : [ ]
    }, {
      "name" : "getRecirculationValueByIndex[13]",
      "title" : "Get recirculation metric from row 13",
      "time" : {
        "start" : 1521067127835,
        "stop" : 1521067127899,
        "duration" : 64
      },
      "summary" : {
        "attachments" : 0,
        "steps" : 0
      },
      "status" : "PASSED",
      "attachments" : [ ],
      "steps" : [ ]
    }, {
      "name" : "getPageViewsValueByIndex[14]",
      "title" : "Get page views metric from row 14",
      "time" : {
        "start" : 1521067127900,
        "stop" : 1521067127971,
        "duration" : 71
      },
      "summary" : {
        "attachments" : 0,
        "steps" : 0
      },
      "status" : "PASSED",
      "attachments" : [ ],
      "steps" : [ ]
    }, {
      "name" : "getAverageTimeValueByIndex[14]",
      "title" : "Get average time metric from row 14",
      "time" : {
        "start" : 1521067127972,
        "stop" : 1521067128032,
        "duration" : 60
      },
      "summary" : {
        "attachments" : 0,
        "steps" : 0
      },
      "status" : "PASSED",
      "attachments" : [ ],
      "steps" : [ ]
    }, {
      "name" : "getFinishedReadingValueByIndex[14]",
      "title" : "Get finished reading metric from row 14",
      "time" : {
        "start" : 1521067128033,
        "stop" : 1521067128091,
        "duration" : 58
      },
      "summary" : {
        "attachments" : 0,
        "steps" : 0
      },
      "status" : "PASSED",
      "attachments" : [ ],
      "steps" : [ ]
    }, {
      "name" : "getRecirculationValueByIndex[14]",
      "title" : "Get recirculation metric from row 14",
      "time" : {
        "start" : 1521067128093,
        "stop" : 1521067128206,
        "duration" : 113
      },
      "summary" : {
        "attachments" : 0,
        "steps" : 0
      },
      "status" : "PASSED",
      "attachments" : [ ],
      "steps" : [ ]
    } ]
  }, {
    "name" : "assertArticlesOrder[[ArticleModel{pageViews=3, averageTime=Thu Jan 01 00:00:00 EET 1970, finishedReading=67, recirculati...]",
    "title" : "Assert order of articles by metric AVERAGE_TIME, from best: false",
    "time" : {
      "start" : 1521067128208,
      "stop" : 1521067128208,
      "duration" : 0
    },
    "summary" : {
      "attachments" : 0,
      "steps" : 0
    },
    "status" : "PASSED",
    "attachments" : [ ],
    "steps" : [ ]
  }, {
    "name" : "clickNext",
    "title" : "Click Next",
    "time" : {
      "start" : 1521067128209,
      "stop" : 1521067128649,
      "duration" : 440
    },
    "summary" : {
      "attachments" : 0,
      "steps" : 0
    },
    "status" : "PASSED",
    "attachments" : [ ],
    "steps" : [ ]
  }, {
    "name" : "waitForLoaderIsOff",
    "title" : "Wait until loader disappears",
    "time" : {
      "start" : 1521067128651,
      "stop" : 1521067129689,
      "duration" : 1038
    },
    "summary" : {
      "attachments" : 0,
      "steps" : 0
    },
    "status" : "PASSED",
    "attachments" : [ ],
    "steps" : [ ]
  }, {
    "name" : "getAllArticlesFromPage",
    "title" : "Get all articles metrics...",
    "time" : {
      "start" : 1521067129690,
      "stop" : 1521067133878,
      "duration" : 4188
    },
    "summary" : {
      "attachments" : 0,
      "steps" : 60
    },
    "status" : "PASSED",
    "attachments" : [ ],
    "steps" : [ {
      "name" : "getPageViewsValueByIndex[0]",
      "title" : "Get page views metric from row 0",
      "time" : {
        "start" : 1521067129723,
        "stop" : 1521067129782,
        "duration" : 59
      },
      "summary" : {
        "attachments" : 0,
        "steps" : 0
      },
      "status" : "PASSED",
      "attachments" : [ ],
      "steps" : [ ]
    }, {
      "name" : "getAverageTimeValueByIndex[0]",
      "title" : "Get average time metric from row 0",
      "time" : {
        "start" : 1521067129783,
        "stop" : 1521067129835,
        "duration" : 52
      },
      "summary" : {
        "attachments" : 0,
        "steps" : 0
      },
      "status" : "PASSED",
      "attachments" : [ ],
      "steps" : [ ]
    }, {
      "name" : "getFinishedReadingValueByIndex[0]",
      "title" : "Get finished reading metric from row 0",
      "time" : {
        "start" : 1521067129836,
        "stop" : 1521067129901,
        "duration" : 65
      },
      "summary" : {
        "attachments" : 0,
        "steps" : 0
      },
      "status" : "PASSED",
      "attachments" : [ ],
      "steps" : [ ]
    }, {
      "name" : "getRecirculationValueByIndex[0]",
      "title" : "Get recirculation metric from row 0",
      "time" : {
        "start" : 1521067129902,
        "stop" : 1521067129964,
        "duration" : 62
      },
      "summary" : {
        "attachments" : 0,
        "steps" : 0
      },
      "status" : "PASSED",
      "attachments" : [ ],
      "steps" : [ ]
    }, {
      "name" : "getPageViewsValueByIndex[1]",
      "title" : "Get page views metric from row 1",
      "time" : {
        "start" : 1521067129965,
        "stop" : 1521067130022,
        "duration" : 57
      },
      "summary" : {
        "attachments" : 0,
        "steps" : 0
      },
      "status" : "PASSED",
      "attachments" : [ ],
      "steps" : [ ]
    }, {
      "name" : "getAverageTimeValueByIndex[1]",
      "title" : "Get average time metric from row 1",
      "time" : {
        "start" : 1521067130023,
        "stop" : 1521067130089,
        "duration" : 66
      },
      "summary" : {
        "attachments" : 0,
        "steps" : 0
      },
      "status" : "PASSED",
      "attachments" : [ ],
      "steps" : [ ]
    }, {
      "name" : "getFinishedReadingValueByIndex[1]",
      "title" : "Get finished reading metric from row 1",
      "time" : {
        "start" : 1521067130091,
        "stop" : 1521067130196,
        "duration" : 105
      },
      "summary" : {
        "attachments" : 0,
        "steps" : 0
      },
      "status" : "PASSED",
      "attachments" : [ ],
      "steps" : [ ]
    }, {
      "name" : "getRecirculationValueByIndex[1]",
      "title" : "Get recirculation metric from row 1",
      "time" : {
        "start" : 1521067130198,
        "stop" : 1521067130298,
        "duration" : 100
      },
      "summary" : {
        "attachments" : 0,
        "steps" : 0
      },
      "status" : "PASSED",
      "attachments" : [ ],
      "steps" : [ ]
    }, {
      "name" : "getPageViewsValueByIndex[2]",
      "title" : "Get page views metric from row 2",
      "time" : {
        "start" : 1521067130300,
        "stop" : 1521067130403,
        "duration" : 103
      },
      "summary" : {
        "attachments" : 0,
        "steps" : 0
      },
      "status" : "PASSED",
      "attachments" : [ ],
      "steps" : [ ]
    }, {
      "name" : "getAverageTimeValueByIndex[2]",
      "title" : "Get average time metric from row 2",
      "time" : {
        "start" : 1521067130404,
        "stop" : 1521067130504,
        "duration" : 100
      },
      "summary" : {
        "attachments" : 0,
        "steps" : 0
      },
      "status" : "PASSED",
      "attachments" : [ ],
      "steps" : [ ]
    }, {
      "name" : "getFinishedReadingValueByIndex[2]",
      "title" : "Get finished reading metric from row 2",
      "time" : {
        "start" : 1521067130506,
        "stop" : 1521067130607,
        "duration" : 101
      },
      "summary" : {
        "attachments" : 0,
        "steps" : 0
      },
      "status" : "PASSED",
      "attachments" : [ ],
      "steps" : [ ]
    }, {
      "name" : "getRecirculationValueByIndex[2]",
      "title" : "Get recirculation metric from row 2",
      "time" : {
        "start" : 1521067130609,
        "stop" : 1521067130730,
        "duration" : 121
      },
      "summary" : {
        "attachments" : 0,
        "steps" : 0
      },
      "status" : "PASSED",
      "attachments" : [ ],
      "steps" : [ ]
    }, {
      "name" : "getPageViewsValueByIndex[3]",
      "title" : "Get page views metric from row 3",
      "time" : {
        "start" : 1521067130732,
        "stop" : 1521067130804,
        "duration" : 72
      },
      "summary" : {
        "attachments" : 0,
        "steps" : 0
      },
      "status" : "PASSED",
      "attachments" : [ ],
      "steps" : [ ]
    }, {
      "name" : "getAverageTimeValueByIndex[3]",
      "title" : "Get average time metric from row 3",
      "time" : {
        "start" : 1521067130805,
        "stop" : 1521067130897,
        "duration" : 92
      },
      "summary" : {
        "attachments" : 0,
        "steps" : 0
      },
      "status" : "PASSED",
      "attachments" : [ ],
      "steps" : [ ]
    }, {
      "name" : "getFinishedReadingValueByIndex[3]",
      "title" : "Get finished reading metric from row 3",
      "time" : {
        "start" : 1521067130899,
        "stop" : 1521067131003,
        "duration" : 104
      },
      "summary" : {
        "attachments" : 0,
        "steps" : 0
      },
      "status" : "PASSED",
      "attachments" : [ ],
      "steps" : [ ]
    }, {
      "name" : "getRecirculationValueByIndex[3]",
      "title" : "Get recirculation metric from row 3",
      "time" : {
        "start" : 1521067131004,
        "stop" : 1521067131087,
        "duration" : 83
      },
      "summary" : {
        "attachments" : 0,
        "steps" : 0
      },
      "status" : "PASSED",
      "attachments" : [ ],
      "steps" : [ ]
    }, {
      "name" : "getPageViewsValueByIndex[4]",
      "title" : "Get page views metric from row 4",
      "time" : {
        "start" : 1521067131088,
        "stop" : 1521067131199,
        "duration" : 111
      },
      "summary" : {
        "attachments" : 0,
        "steps" : 0
      },
      "status" : "PASSED",
      "attachments" : [ ],
      "steps" : [ ]
    }, {
      "name" : "getAverageTimeValueByIndex[4]",
      "title" : "Get average time metric from row 4",
      "time" : {
        "start" : 1521067131200,
        "stop" : 1521067131272,
        "duration" : 72
      },
      "summary" : {
        "attachments" : 0,
        "steps" : 0
      },
      "status" : "PASSED",
      "attachments" : [ ],
      "steps" : [ ]
    }, {
      "name" : "getFinishedReadingValueByIndex[4]",
      "title" : "Get finished reading metric from row 4",
      "time" : {
        "start" : 1521067131273,
        "stop" : 1521067131339,
        "duration" : 66
      },
      "summary" : {
        "attachments" : 0,
        "steps" : 0
      },
      "status" : "PASSED",
      "attachments" : [ ],
      "steps" : [ ]
    }, {
      "name" : "getRecirculationValueByIndex[4]",
      "title" : "Get recirculation metric from row 4",
      "time" : {
        "start" : 1521067131340,
        "stop" : 1521067131433,
        "duration" : 93
      },
      "summary" : {
        "attachments" : 0,
        "steps" : 0
      },
      "status" : "PASSED",
      "attachments" : [ ],
      "steps" : [ ]
    }, {
      "name" : "getPageViewsValueByIndex[5]",
      "title" : "Get page views metric from row 5",
      "time" : {
        "start" : 1521067131434,
        "stop" : 1521067131521,
        "duration" : 87
      },
      "summary" : {
        "attachments" : 0,
        "steps" : 0
      },
      "status" : "PASSED",
      "attachments" : [ ],
      "steps" : [ ]
    }, {
      "name" : "getAverageTimeValueByIndex[5]",
      "title" : "Get average time metric from row 5",
      "time" : {
        "start" : 1521067131522,
        "stop" : 1521067131602,
        "duration" : 80
      },
      "summary" : {
        "attachments" : 0,
        "steps" : 0
      },
      "status" : "PASSED",
      "attachments" : [ ],
      "steps" : [ ]
    }, {
      "name" : "getFinishedReadingValueByIndex[5]",
      "title" : "Get finished reading metric from row 5",
      "time" : {
        "start" : 1521067131602,
        "stop" : 1521067131664,
        "duration" : 62
      },
      "summary" : {
        "attachments" : 0,
        "steps" : 0
      },
      "status" : "PASSED",
      "attachments" : [ ],
      "steps" : [ ]
    }, {
      "name" : "getRecirculationValueByIndex[5]",
      "title" : "Get recirculation metric from row 5",
      "time" : {
        "start" : 1521067131665,
        "stop" : 1521067131721,
        "duration" : 56
      },
      "summary" : {
        "attachments" : 0,
        "steps" : 0
      },
      "status" : "PASSED",
      "attachments" : [ ],
      "steps" : [ ]
    }, {
      "name" : "getPageViewsValueByIndex[6]",
      "title" : "Get page views metric from row 6",
      "time" : {
        "start" : 1521067131722,
        "stop" : 1521067131773,
        "duration" : 51
      },
      "summary" : {
        "attachments" : 0,
        "steps" : 0
      },
      "status" : "PASSED",
      "attachments" : [ ],
      "steps" : [ ]
    }, {
      "name" : "getAverageTimeValueByIndex[6]",
      "title" : "Get average time metric from row 6",
      "time" : {
        "start" : 1521067131774,
        "stop" : 1521067131836,
        "duration" : 62
      },
      "summary" : {
        "attachments" : 0,
        "steps" : 0
      },
      "status" : "PASSED",
      "attachments" : [ ],
      "steps" : [ ]
    }, {
      "name" : "getFinishedReadingValueByIndex[6]",
      "title" : "Get finished reading metric from row 6",
      "time" : {
        "start" : 1521067131837,
        "stop" : 1521067131897,
        "duration" : 60
      },
      "summary" : {
        "attachments" : 0,
        "steps" : 0
      },
      "status" : "PASSED",
      "attachments" : [ ],
      "steps" : [ ]
    }, {
      "name" : "getRecirculationValueByIndex[6]",
      "title" : "Get recirculation metric from row 6",
      "time" : {
        "start" : 1521067131899,
        "stop" : 1521067131957,
        "duration" : 58
      },
      "summary" : {
        "attachments" : 0,
        "steps" : 0
      },
      "status" : "PASSED",
      "attachments" : [ ],
      "steps" : [ ]
    }, {
      "name" : "getPageViewsValueByIndex[7]",
      "title" : "Get page views metric from row 7",
      "time" : {
        "start" : 1521067131958,
        "stop" : 1521067132020,
        "duration" : 62
      },
      "summary" : {
        "attachments" : 0,
        "steps" : 0
      },
      "status" : "PASSED",
      "attachments" : [ ],
      "steps" : [ ]
    }, {
      "name" : "getAverageTimeValueByIndex[7]",
      "title" : "Get average time metric from row 7",
      "time" : {
        "start" : 1521067132021,
        "stop" : 1521067132070,
        "duration" : 49
      },
      "summary" : {
        "attachments" : 0,
        "steps" : 0
      },
      "status" : "PASSED",
      "attachments" : [ ],
      "steps" : [ ]
    }, {
      "name" : "getFinishedReadingValueByIndex[7]",
      "title" : "Get finished reading metric from row 7",
      "time" : {
        "start" : 1521067132071,
        "stop" : 1521067132155,
        "duration" : 84
      },
      "summary" : {
        "attachments" : 0,
        "steps" : 0
      },
      "status" : "PASSED",
      "attachments" : [ ],
      "steps" : [ ]
    }, {
      "name" : "getRecirculationValueByIndex[7]",
      "title" : "Get recirculation metric from row 7",
      "time" : {
        "start" : 1521067132155,
        "stop" : 1521067132223,
        "duration" : 68
      },
      "summary" : {
        "attachments" : 0,
        "steps" : 0
      },
      "status" : "PASSED",
      "attachments" : [ ],
      "steps" : [ ]
    }, {
      "name" : "getPageViewsValueByIndex[8]",
      "title" : "Get page views metric from row 8",
      "time" : {
        "start" : 1521067132224,
        "stop" : 1521067132278,
        "duration" : 54
      },
      "summary" : {
        "attachments" : 0,
        "steps" : 0
      },
      "status" : "PASSED",
      "attachments" : [ ],
      "steps" : [ ]
    }, {
      "name" : "getAverageTimeValueByIndex[8]",
      "title" : "Get average time metric from row 8",
      "time" : {
        "start" : 1521067132280,
        "stop" : 1521067132326,
        "duration" : 46
      },
      "summary" : {
        "attachments" : 0,
        "steps" : 0
      },
      "status" : "PASSED",
      "attachments" : [ ],
      "steps" : [ ]
    }, {
      "name" : "getFinishedReadingValueByIndex[8]",
      "title" : "Get finished reading metric from row 8",
      "time" : {
        "start" : 1521067132328,
        "stop" : 1521067132393,
        "duration" : 65
      },
      "summary" : {
        "attachments" : 0,
        "steps" : 0
      },
      "status" : "PASSED",
      "attachments" : [ ],
      "steps" : [ ]
    }, {
      "name" : "getRecirculationValueByIndex[8]",
      "title" : "Get recirculation metric from row 8",
      "time" : {
        "start" : 1521067132394,
        "stop" : 1521067132465,
        "duration" : 71
      },
      "summary" : {
        "attachments" : 0,
        "steps" : 0
      },
      "status" : "PASSED",
      "attachments" : [ ],
      "steps" : [ ]
    }, {
      "name" : "getPageViewsValueByIndex[9]",
      "title" : "Get page views metric from row 9",
      "time" : {
        "start" : 1521067132468,
        "stop" : 1521067132530,
        "duration" : 62
      },
      "summary" : {
        "attachments" : 0,
        "steps" : 0
      },
      "status" : "PASSED",
      "attachments" : [ ],
      "steps" : [ ]
    }, {
      "name" : "getAverageTimeValueByIndex[9]",
      "title" : "Get average time metric from row 9",
      "time" : {
        "start" : 1521067132531,
        "stop" : 1521067132581,
        "duration" : 50
      },
      "summary" : {
        "attachments" : 0,
        "steps" : 0
      },
      "status" : "PASSED",
      "attachments" : [ ],
      "steps" : [ ]
    }, {
      "name" : "getFinishedReadingValueByIndex[9]",
      "title" : "Get finished reading metric from row 9",
      "time" : {
        "start" : 1521067132582,
        "stop" : 1521067132639,
        "duration" : 57
      },
      "summary" : {
        "attachments" : 0,
        "steps" : 0
      },
      "status" : "PASSED",
      "attachments" : [ ],
      "steps" : [ ]
    }, {
      "name" : "getRecirculationValueByIndex[9]",
      "title" : "Get recirculation metric from row 9",
      "time" : {
        "start" : 1521067132640,
        "stop" : 1521067132693,
        "duration" : 53
      },
      "summary" : {
        "attachments" : 0,
        "steps" : 0
      },
      "status" : "PASSED",
      "attachments" : [ ],
      "steps" : [ ]
    }, {
      "name" : "getPageViewsValueByIndex[10]",
      "title" : "Get page views metric from row 10",
      "time" : {
        "start" : 1521067132694,
        "stop" : 1521067132750,
        "duration" : 56
      },
      "summary" : {
        "attachments" : 0,
        "steps" : 0
      },
      "status" : "PASSED",
      "attachments" : [ ],
      "steps" : [ ]
    }, {
      "name" : "getAverageTimeValueByIndex[10]",
      "title" : "Get average time metric from row 10",
      "time" : {
        "start" : 1521067132751,
        "stop" : 1521067132799,
        "duration" : 48
      },
      "summary" : {
        "attachments" : 0,
        "steps" : 0
      },
      "status" : "PASSED",
      "attachments" : [ ],
      "steps" : [ ]
    }, {
      "name" : "getFinishedReadingValueByIndex[10]",
      "title" : "Get finished reading metric from row 10",
      "time" : {
        "start" : 1521067132800,
        "stop" : 1521067132871,
        "duration" : 71
      },
      "summary" : {
        "attachments" : 0,
        "steps" : 0
      },
      "status" : "PASSED",
      "attachments" : [ ],
      "steps" : [ ]
    }, {
      "name" : "getRecirculationValueByIndex[10]",
      "title" : "Get recirculation metric from row 10",
      "time" : {
        "start" : 1521067132872,
        "stop" : 1521067132928,
        "duration" : 56
      },
      "summary" : {
        "attachments" : 0,
        "steps" : 0
      },
      "status" : "PASSED",
      "attachments" : [ ],
      "steps" : [ ]
    }, {
      "name" : "getPageViewsValueByIndex[11]",
      "title" : "Get page views metric from row 11",
      "time" : {
        "start" : 1521067132929,
        "stop" : 1521067132980,
        "duration" : 51
      },
      "summary" : {
        "attachments" : 0,
        "steps" : 0
      },
      "status" : "PASSED",
      "attachments" : [ ],
      "steps" : [ ]
    }, {
      "name" : "getAverageTimeValueByIndex[11]",
      "title" : "Get average time metric from row 11",
      "time" : {
        "start" : 1521067132981,
        "stop" : 1521067133026,
        "duration" : 45
      },
      "summary" : {
        "attachments" : 0,
        "steps" : 0
      },
      "status" : "PASSED",
      "attachments" : [ ],
      "steps" : [ ]
    }, {
      "name" : "getFinishedReadingValueByIndex[11]",
      "title" : "Get finished reading metric from row 11",
      "time" : {
        "start" : 1521067133027,
        "stop" : 1521067133083,
        "duration" : 56
      },
      "summary" : {
        "attachments" : 0,
        "steps" : 0
      },
      "status" : "PASSED",
      "attachments" : [ ],
      "steps" : [ ]
    }, {
      "name" : "getRecirculationValueByIndex[11]",
      "title" : "Get recirculation metric from row 11",
      "time" : {
        "start" : 1521067133083,
        "stop" : 1521067133156,
        "duration" : 73
      },
      "summary" : {
        "attachments" : 0,
        "steps" : 0
      },
      "status" : "PASSED",
      "attachments" : [ ],
      "steps" : [ ]
    }, {
      "name" : "getPageViewsValueByIndex[12]",
      "title" : "Get page views metric from row 12",
      "time" : {
        "start" : 1521067133157,
        "stop" : 1521067133212,
        "duration" : 55
      },
      "summary" : {
        "attachments" : 0,
        "steps" : 0
      },
      "status" : "PASSED",
      "attachments" : [ ],
      "steps" : [ ]
    }, {
      "name" : "getAverageTimeValueByIndex[12]",
      "title" : "Get average time metric from row 12",
      "time" : {
        "start" : 1521067133213,
        "stop" : 1521067133289,
        "duration" : 76
      },
      "summary" : {
        "attachments" : 0,
        "steps" : 0
      },
      "status" : "PASSED",
      "attachments" : [ ],
      "steps" : [ ]
    }, {
      "name" : "getFinishedReadingValueByIndex[12]",
      "title" : "Get finished reading metric from row 12",
      "time" : {
        "start" : 1521067133290,
        "stop" : 1521067133351,
        "duration" : 61
      },
      "summary" : {
        "attachments" : 0,
        "steps" : 0
      },
      "status" : "PASSED",
      "attachments" : [ ],
      "steps" : [ ]
    }, {
      "name" : "getRecirculationValueByIndex[12]",
      "title" : "Get recirculation metric from row 12",
      "time" : {
        "start" : 1521067133352,
        "stop" : 1521067133425,
        "duration" : 73
      },
      "summary" : {
        "attachments" : 0,
        "steps" : 0
      },
      "status" : "PASSED",
      "attachments" : [ ],
      "steps" : [ ]
    }, {
      "name" : "getPageViewsValueByIndex[13]",
      "title" : "Get page views metric from row 13",
      "time" : {
        "start" : 1521067133426,
        "stop" : 1521067133491,
        "duration" : 65
      },
      "summary" : {
        "attachments" : 0,
        "steps" : 0
      },
      "status" : "PASSED",
      "attachments" : [ ],
      "steps" : [ ]
    }, {
      "name" : "getAverageTimeValueByIndex[13]",
      "title" : "Get average time metric from row 13",
      "time" : {
        "start" : 1521067133492,
        "stop" : 1521067133540,
        "duration" : 48
      },
      "summary" : {
        "attachments" : 0,
        "steps" : 0
      },
      "status" : "PASSED",
      "attachments" : [ ],
      "steps" : [ ]
    }, {
      "name" : "getFinishedReadingValueByIndex[13]",
      "title" : "Get finished reading metric from row 13",
      "time" : {
        "start" : 1521067133540,
        "stop" : 1521067133602,
        "duration" : 62
      },
      "summary" : {
        "attachments" : 0,
        "steps" : 0
      },
      "status" : "PASSED",
      "attachments" : [ ],
      "steps" : [ ]
    }, {
      "name" : "getRecirculationValueByIndex[13]",
      "title" : "Get recirculation metric from row 13",
      "time" : {
        "start" : 1521067133603,
        "stop" : 1521067133656,
        "duration" : 53
      },
      "summary" : {
        "attachments" : 0,
        "steps" : 0
      },
      "status" : "PASSED",
      "attachments" : [ ],
      "steps" : [ ]
    }, {
      "name" : "getPageViewsValueByIndex[14]",
      "title" : "Get page views metric from row 14",
      "time" : {
        "start" : 1521067133657,
        "stop" : 1521067133707,
        "duration" : 50
      },
      "summary" : {
        "attachments" : 0,
        "steps" : 0
      },
      "status" : "PASSED",
      "attachments" : [ ],
      "steps" : [ ]
    }, {
      "name" : "getAverageTimeValueByIndex[14]",
      "title" : "Get average time metric from row 14",
      "time" : {
        "start" : 1521067133708,
        "stop" : 1521067133764,
        "duration" : 56
      },
      "summary" : {
        "attachments" : 0,
        "steps" : 0
      },
      "status" : "PASSED",
      "attachments" : [ ],
      "steps" : [ ]
    }, {
      "name" : "getFinishedReadingValueByIndex[14]",
      "title" : "Get finished reading metric from row 14",
      "time" : {
        "start" : 1521067133765,
        "stop" : 1521067133820,
        "duration" : 55
      },
      "summary" : {
        "attachments" : 0,
        "steps" : 0
      },
      "status" : "PASSED",
      "attachments" : [ ],
      "steps" : [ ]
    }, {
      "name" : "getRecirculationValueByIndex[14]",
      "title" : "Get recirculation metric from row 14",
      "time" : {
        "start" : 1521067133820,
        "stop" : 1521067133878,
        "duration" : 58
      },
      "summary" : {
        "attachments" : 0,
        "steps" : 0
      },
      "status" : "PASSED",
      "attachments" : [ ],
      "steps" : [ ]
    } ]
  }, {
    "name" : "assertArticlesOrder[[ArticleModel{pageViews=8, averageTime=Thu Jan 01 00:00:06 EET 1970, finishedReading=38, recirculati...]",
    "title" : "Assert order of articles by metric AVERAGE_TIME, from best: false",
    "time" : {
      "start" : 1521067133879,
      "stop" : 1521067133879,
      "duration" : 0
    },
    "summary" : {
      "attachments" : 0,
      "steps" : 0
    },
    "status" : "PASSED",
    "attachments" : [ ],
    "steps" : [ ]
  } ],
  "attachments" : [ ],
  "issues" : [ ],
  "labels" : [ {
    "name" : "framework",
    "value" : "TestNG"
  }, {
    "name" : "thread",
    "value" : "10320@ALEX.main(1)"
  }, {
    "name" : "suite-name",
    "value" : "TestTask : reportingTests"
  }, {
    "name" : "language",
    "value" : "JAVA"
  }, {
    "name" : "feature",
    "value" : "Desktop check sorting by metrics (Task 4)"
  }, {
    "name" : "suite-title",
    "value" : "TestTask : reportingTests"
  }, {
    "name" : "story",
    "value" : "Google Chrome"
  }, {
    "name" : "host",
    "value" : "ALEX"
  } ],
  "parameters" : [ ]
}