{
  "uid" : "225e43cdf21983d4",
  "name" : "verifyAuthorsFilter[# Масштабирование]",
  "title" : "Verify authors filter [# Масштабирование]",
  "time" : {
    "start" : 1521067019385,
    "stop" : 1521067020901,
    "duration" : 1516
  },
  "summary" : {
    "attachments" : 0,
    "steps" : 9
  },
  "failure" : null,
  "description" : null,
  "severity" : "NORMAL",
  "status" : "PASSED",
  "testId" : null,
  "suite" : {
    "uid" : "ff2847323540eebb",
    "name" : "TestTask : reportingTests",
    "title" : "TestTask : reportingTests"
  },
  "steps" : [ {
    "name" : "clearAuthorFilter",
    "title" : "Clear author filter",
    "time" : {
      "start" : 1521067016836,
      "stop" : 1521067017077,
      "duration" : 241
    },
    "summary" : {
      "attachments" : 0,
      "steps" : 0
    },
    "status" : "PASSED",
    "attachments" : [ ],
    "steps" : [ ]
  }, {
    "name" : "waitForLoaderIsOff",
    "title" : "Wait until loader disappears",
    "time" : {
      "start" : 1521067017078,
      "stop" : 1521067019384,
      "duration" : 2306
    },
    "summary" : {
      "attachments" : 0,
      "steps" : 0
    },
    "status" : "PASSED",
    "attachments" : [ ],
    "steps" : [ ]
  }, {
    "name" : "clickOnAuthorByName[# Масштабирование]",
    "title" : "Click on author by name: # Масштабирование",
    "time" : {
      "start" : 1521067019387,
      "stop" : 1521067019827,
      "duration" : 440
    },
    "summary" : {
      "attachments" : 0,
      "steps" : 0
    },
    "status" : "PASSED",
    "attachments" : [ ],
    "steps" : [ ]
  }, {
    "name" : "waitForLoaderIsOff",
    "title" : "Wait until loader disappears",
    "time" : {
      "start" : 1521067019829,
      "stop" : 1521067020682,
      "duration" : 853
    },
    "summary" : {
      "attachments" : 0,
      "steps" : 0
    },
    "status" : "PASSED",
    "attachments" : [ ],
    "steps" : [ ]
  }, {
    "name" : "getCountOfArticles",
    "title" : "Get count of articles",
    "time" : {
      "start" : 1521067020683,
      "stop" : 1521067020716,
      "duration" : 33
    },
    "summary" : {
      "attachments" : 0,
      "steps" : 0
    },
    "status" : "PASSED",
    "attachments" : [ ],
    "steps" : [ ]
  }, {
    "name" : "getArticleAuthorNameByIndex[0]",
    "title" : "Get articles author name by index",
    "time" : {
      "start" : 1521067020717,
      "stop" : 1521067020781,
      "duration" : 64
    },
    "summary" : {
      "attachments" : 0,
      "steps" : 0
    },
    "status" : "PASSED",
    "attachments" : [ ],
    "steps" : [ ]
  }, {
    "name" : "getCountOfArticles",
    "title" : "Get count of articles",
    "time" : {
      "start" : 1521067020782,
      "stop" : 1521067020814,
      "duration" : 32
    },
    "summary" : {
      "attachments" : 0,
      "steps" : 0
    },
    "status" : "PASSED",
    "attachments" : [ ],
    "steps" : [ ]
  }, {
    "name" : "getArticleAuthorNameByIndex[2]",
    "title" : "Get articles author name by index",
    "time" : {
      "start" : 1521067020815,
      "stop" : 1521067020871,
      "duration" : 56
    },
    "summary" : {
      "attachments" : 0,
      "steps" : 0
    },
    "status" : "PASSED",
    "attachments" : [ ],
    "steps" : [ ]
  }, {
    "name" : "getCountOfArticles",
    "title" : "Get count of articles",
    "time" : {
      "start" : 1521067020872,
      "stop" : 1521067020901,
      "duration" : 29
    },
    "summary" : {
      "attachments" : 0,
      "steps" : 0
    },
    "status" : "PASSED",
    "attachments" : [ ],
    "steps" : [ ]
  } ],
  "attachments" : [ ],
  "issues" : [ ],
  "labels" : [ {
    "name" : "suite-name",
    "value" : "TestTask : reportingTests"
  }, {
    "name" : "thread",
    "value" : "10320@ALEX.main(1)"
  }, {
    "name" : "host",
    "value" : "ALEX"
  }, {
    "name" : "framework",
    "value" : "TestNG"
  }, {
    "name" : "suite-title",
    "value" : "TestTask : reportingTests"
  }, {
    "name" : "feature",
    "value" : "Desktop check author filter (Task 3)"
  }, {
    "name" : "language",
    "value" : "JAVA"
  }, {
    "name" : "story",
    "value" : "Google Chrome"
  } ],
  "parameters" : [ ]
}