{
  "uid" : "2289061cfc2cb21",
  "name" : "verifyTimeFramesSwitch[NOW]",
  "title" : "Verify time frames switch [NOW]",
  "time" : {
    "start" : 1521066958948,
    "stop" : 1521066961602,
    "duration" : 2654
  },
  "summary" : {
    "attachments" : 0,
    "steps" : 3
  },
  "failure" : null,
  "description" : null,
  "severity" : "NORMAL",
  "status" : "PASSED",
  "testId" : null,
  "suite" : {
    "uid" : "ff2847323540eebb",
    "name" : "TestTask : reportingTests",
    "title" : "TestTask : reportingTests"
  },
  "steps" : [ {
    "name" : "chooseTimeFrame[NOW]",
    "title" : "Choose time frame - NOW",
    "time" : {
      "start" : 1521066958951,
      "stop" : 1521066959350,
      "duration" : 399
    },
    "summary" : {
      "attachments" : 0,
      "steps" : 0
    },
    "status" : "PASSED",
    "attachments" : [ ],
    "steps" : [ ]
  }, {
    "name" : "waitForLoaderIsOff",
    "title" : "Wait until loader disappears",
    "time" : {
      "start" : 1521066959353,
      "stop" : 1521066961553,
      "duration" : 2200
    },
    "summary" : {
      "attachments" : 0,
      "steps" : 0
    },
    "status" : "PASSED",
    "attachments" : [ ],
    "steps" : [ ]
  }, {
    "name" : "getActiveTimeFrame",
    "title" : "Get active time frame",
    "time" : {
      "start" : 1521066961556,
      "stop" : 1521066961602,
      "duration" : 46
    },
    "summary" : {
      "attachments" : 0,
      "steps" : 0
    },
    "status" : "PASSED",
    "attachments" : [ ],
    "steps" : [ ]
  } ],
  "attachments" : [ ],
  "issues" : [ ],
  "labels" : [ {
    "name" : "suite-name",
    "value" : "TestTask : reportingTests"
  }, {
    "name" : "suite-title",
    "value" : "TestTask : reportingTests"
  }, {
    "name" : "story",
    "value" : "Google Chrome"
  }, {
    "name" : "framework",
    "value" : "TestNG"
  }, {
    "name" : "thread",
    "value" : "10320@ALEX.main(1)"
  }, {
    "name" : "language",
    "value" : "JAVA"
  }, {
    "name" : "host",
    "value" : "ALEX"
  }, {
    "name" : "feature",
    "value" : "Desktop check of time frames switching (Task 2)"
  } ],
  "parameters" : [ ]
}