{
  "uid" : "229d1e2876106741",
  "name" : "verifySortingByMetricsFromBest[FINISHED_READING]",
  "title" : "Verify sorting by metrics from best [FINISHED_READING]",
  "time" : {
    "start" : 1521067075944,
    "stop" : 1521067088050,
    "duration" : 12106
  },
  "summary" : {
    "attachments" : 0,
    "steps" : 132
  },
  "failure" : null,
  "description" : null,
  "severity" : "NORMAL",
  "status" : "PASSED",
  "testId" : null,
  "suite" : {
    "uid" : "ff2847323540eebb",
    "name" : "TestTask : reportingTests",
    "title" : "TestTask : reportingTests"
  },
  "steps" : [ {
    "name" : "clickBack",
    "title" : "Click Back",
    "time" : {
      "start" : 1521067074683,
      "stop" : 1521067074995,
      "duration" : 312
    },
    "summary" : {
      "attachments" : 0,
      "steps" : 0
    },
    "status" : "PASSED",
    "attachments" : [ ],
    "steps" : [ ]
  }, {
    "name" : "waitForLoaderIsOff",
    "title" : "Wait until loader disappears",
    "time" : {
      "start" : 1521067074996,
      "stop" : 1521067075942,
      "duration" : 946
    },
    "summary" : {
      "attachments" : 0,
      "steps" : 0
    },
    "status" : "PASSED",
    "attachments" : [ ],
    "steps" : [ ]
  }, {
    "name" : "setSortingDirection[true]",
    "title" : "Set sorting direction from best to worst: true",
    "time" : {
      "start" : 1521067075945,
      "stop" : 1521067075969,
      "duration" : 24
    },
    "summary" : {
      "attachments" : 0,
      "steps" : 0
    },
    "status" : "PASSED",
    "attachments" : [ ],
    "steps" : [ ]
  }, {
    "name" : "waitForLoaderIsOff",
    "title" : "Wait until loader disappears",
    "time" : {
      "start" : 1521067075970,
      "stop" : 1521067078045,
      "duration" : 2075
    },
    "summary" : {
      "attachments" : 0,
      "steps" : 0
    },
    "status" : "PASSED",
    "attachments" : [ ],
    "steps" : [ ]
  }, {
    "name" : "sortByMetric[FINISHED_READING]",
    "title" : "Select metric to sort: FINISHED_READING",
    "time" : {
      "start" : 1521067078046,
      "stop" : 1521067078513,
      "duration" : 467
    },
    "summary" : {
      "attachments" : 0,
      "steps" : 0
    },
    "status" : "PASSED",
    "attachments" : [ ],
    "steps" : [ ]
  }, {
    "name" : "waitForLoaderIsOff",
    "title" : "Wait until loader disappears",
    "time" : {
      "start" : 1521067078513,
      "stop" : 1521067079478,
      "duration" : 965
    },
    "summary" : {
      "attachments" : 0,
      "steps" : 0
    },
    "status" : "PASSED",
    "attachments" : [ ],
    "steps" : [ ]
  }, {
    "name" : "getAllArticlesFromPage",
    "title" : "Get all articles metrics...",
    "time" : {
      "start" : 1521067079479,
      "stop" : 1521067083018,
      "duration" : 3539
    },
    "summary" : {
      "attachments" : 0,
      "steps" : 60
    },
    "status" : "PASSED",
    "attachments" : [ ],
    "steps" : [ {
      "name" : "getPageViewsValueByIndex[0]",
      "title" : "Get page views metric from row 0",
      "time" : {
        "start" : 1521067079515,
        "stop" : 1521067079583,
        "duration" : 68
      },
      "summary" : {
        "attachments" : 0,
        "steps" : 0
      },
      "status" : "PASSED",
      "attachments" : [ ],
      "steps" : [ ]
    }, {
      "name" : "getAverageTimeValueByIndex[0]",
      "title" : "Get average time metric from row 0",
      "time" : {
        "start" : 1521067079584,
        "stop" : 1521067079646,
        "duration" : 62
      },
      "summary" : {
        "attachments" : 0,
        "steps" : 0
      },
      "status" : "PASSED",
      "attachments" : [ ],
      "steps" : [ ]
    }, {
      "name" : "getFinishedReadingValueByIndex[0]",
      "title" : "Get finished reading metric from row 0",
      "time" : {
        "start" : 1521067079647,
        "stop" : 1521067079715,
        "duration" : 68
      },
      "summary" : {
        "attachments" : 0,
        "steps" : 0
      },
      "status" : "PASSED",
      "attachments" : [ ],
      "steps" : [ ]
    }, {
      "name" : "getRecirculationValueByIndex[0]",
      "title" : "Get recirculation metric from row 0",
      "time" : {
        "start" : 1521067079715,
        "stop" : 1521067079781,
        "duration" : 66
      },
      "summary" : {
        "attachments" : 0,
        "steps" : 0
      },
      "status" : "PASSED",
      "attachments" : [ ],
      "steps" : [ ]
    }, {
      "name" : "getPageViewsValueByIndex[1]",
      "title" : "Get page views metric from row 1",
      "time" : {
        "start" : 1521067079782,
        "stop" : 1521067079840,
        "duration" : 58
      },
      "summary" : {
        "attachments" : 0,
        "steps" : 0
      },
      "status" : "PASSED",
      "attachments" : [ ],
      "steps" : [ ]
    }, {
      "name" : "getAverageTimeValueByIndex[1]",
      "title" : "Get average time metric from row 1",
      "time" : {
        "start" : 1521067079841,
        "stop" : 1521067079901,
        "duration" : 60
      },
      "summary" : {
        "attachments" : 0,
        "steps" : 0
      },
      "status" : "PASSED",
      "attachments" : [ ],
      "steps" : [ ]
    }, {
      "name" : "getFinishedReadingValueByIndex[1]",
      "title" : "Get finished reading metric from row 1",
      "time" : {
        "start" : 1521067079903,
        "stop" : 1521067079965,
        "duration" : 62
      },
      "summary" : {
        "attachments" : 0,
        "steps" : 0
      },
      "status" : "PASSED",
      "attachments" : [ ],
      "steps" : [ ]
    }, {
      "name" : "getRecirculationValueByIndex[1]",
      "title" : "Get recirculation metric from row 1",
      "time" : {
        "start" : 1521067079967,
        "stop" : 1521067080052,
        "duration" : 85
      },
      "summary" : {
        "attachments" : 0,
        "steps" : 0
      },
      "status" : "PASSED",
      "attachments" : [ ],
      "steps" : [ ]
    }, {
      "name" : "getPageViewsValueByIndex[2]",
      "title" : "Get page views metric from row 2",
      "time" : {
        "start" : 1521067080053,
        "stop" : 1521067080112,
        "duration" : 59
      },
      "summary" : {
        "attachments" : 0,
        "steps" : 0
      },
      "status" : "PASSED",
      "attachments" : [ ],
      "steps" : [ ]
    }, {
      "name" : "getAverageTimeValueByIndex[2]",
      "title" : "Get average time metric from row 2",
      "time" : {
        "start" : 1521067080114,
        "stop" : 1521067080179,
        "duration" : 65
      },
      "summary" : {
        "attachments" : 0,
        "steps" : 0
      },
      "status" : "PASSED",
      "attachments" : [ ],
      "steps" : [ ]
    }, {
      "name" : "getFinishedReadingValueByIndex[2]",
      "title" : "Get finished reading metric from row 2",
      "time" : {
        "start" : 1521067080180,
        "stop" : 1521067080245,
        "duration" : 65
      },
      "summary" : {
        "attachments" : 0,
        "steps" : 0
      },
      "status" : "PASSED",
      "attachments" : [ ],
      "steps" : [ ]
    }, {
      "name" : "getRecirculationValueByIndex[2]",
      "title" : "Get recirculation metric from row 2",
      "time" : {
        "start" : 1521067080247,
        "stop" : 1521067080314,
        "duration" : 67
      },
      "summary" : {
        "attachments" : 0,
        "steps" : 0
      },
      "status" : "PASSED",
      "attachments" : [ ],
      "steps" : [ ]
    }, {
      "name" : "getPageViewsValueByIndex[3]",
      "title" : "Get page views metric from row 3",
      "time" : {
        "start" : 1521067080315,
        "stop" : 1521067080375,
        "duration" : 60
      },
      "summary" : {
        "attachments" : 0,
        "steps" : 0
      },
      "status" : "PASSED",
      "attachments" : [ ],
      "steps" : [ ]
    }, {
      "name" : "getAverageTimeValueByIndex[3]",
      "title" : "Get average time metric from row 3",
      "time" : {
        "start" : 1521067080376,
        "stop" : 1521067080443,
        "duration" : 67
      },
      "summary" : {
        "attachments" : 0,
        "steps" : 0
      },
      "status" : "PASSED",
      "attachments" : [ ],
      "steps" : [ ]
    }, {
      "name" : "getFinishedReadingValueByIndex[3]",
      "title" : "Get finished reading metric from row 3",
      "time" : {
        "start" : 1521067080444,
        "stop" : 1521067080528,
        "duration" : 84
      },
      "summary" : {
        "attachments" : 0,
        "steps" : 0
      },
      "status" : "PASSED",
      "attachments" : [ ],
      "steps" : [ ]
    }, {
      "name" : "getRecirculationValueByIndex[3]",
      "title" : "Get recirculation metric from row 3",
      "time" : {
        "start" : 1521067080529,
        "stop" : 1521067080582,
        "duration" : 53
      },
      "summary" : {
        "attachments" : 0,
        "steps" : 0
      },
      "status" : "PASSED",
      "attachments" : [ ],
      "steps" : [ ]
    }, {
      "name" : "getPageViewsValueByIndex[4]",
      "title" : "Get page views metric from row 4",
      "time" : {
        "start" : 1521067080583,
        "stop" : 1521067080631,
        "duration" : 48
      },
      "summary" : {
        "attachments" : 0,
        "steps" : 0
      },
      "status" : "PASSED",
      "attachments" : [ ],
      "steps" : [ ]
    }, {
      "name" : "getAverageTimeValueByIndex[4]",
      "title" : "Get average time metric from row 4",
      "time" : {
        "start" : 1521067080631,
        "stop" : 1521067080701,
        "duration" : 70
      },
      "summary" : {
        "attachments" : 0,
        "steps" : 0
      },
      "status" : "PASSED",
      "attachments" : [ ],
      "steps" : [ ]
    }, {
      "name" : "getFinishedReadingValueByIndex[4]",
      "title" : "Get finished reading metric from row 4",
      "time" : {
        "start" : 1521067080702,
        "stop" : 1521067080756,
        "duration" : 54
      },
      "summary" : {
        "attachments" : 0,
        "steps" : 0
      },
      "status" : "PASSED",
      "attachments" : [ ],
      "steps" : [ ]
    }, {
      "name" : "getRecirculationValueByIndex[4]",
      "title" : "Get recirculation metric from row 4",
      "time" : {
        "start" : 1521067080756,
        "stop" : 1521067080807,
        "duration" : 51
      },
      "summary" : {
        "attachments" : 0,
        "steps" : 0
      },
      "status" : "PASSED",
      "attachments" : [ ],
      "steps" : [ ]
    }, {
      "name" : "getPageViewsValueByIndex[5]",
      "title" : "Get page views metric from row 5",
      "time" : {
        "start" : 1521067080808,
        "stop" : 1521067080856,
        "duration" : 48
      },
      "summary" : {
        "attachments" : 0,
        "steps" : 0
      },
      "status" : "PASSED",
      "attachments" : [ ],
      "steps" : [ ]
    }, {
      "name" : "getAverageTimeValueByIndex[5]",
      "title" : "Get average time metric from row 5",
      "time" : {
        "start" : 1521067080858,
        "stop" : 1521067080905,
        "duration" : 47
      },
      "summary" : {
        "attachments" : 0,
        "steps" : 0
      },
      "status" : "PASSED",
      "attachments" : [ ],
      "steps" : [ ]
    }, {
      "name" : "getFinishedReadingValueByIndex[5]",
      "title" : "Get finished reading metric from row 5",
      "time" : {
        "start" : 1521067080906,
        "stop" : 1521067080963,
        "duration" : 57
      },
      "summary" : {
        "attachments" : 0,
        "steps" : 0
      },
      "status" : "PASSED",
      "attachments" : [ ],
      "steps" : [ ]
    }, {
      "name" : "getRecirculationValueByIndex[5]",
      "title" : "Get recirculation metric from row 5",
      "time" : {
        "start" : 1521067080964,
        "stop" : 1521067081019,
        "duration" : 55
      },
      "summary" : {
        "attachments" : 0,
        "steps" : 0
      },
      "status" : "PASSED",
      "attachments" : [ ],
      "steps" : [ ]
    }, {
      "name" : "getPageViewsValueByIndex[6]",
      "title" : "Get page views metric from row 6",
      "time" : {
        "start" : 1521067081019,
        "stop" : 1521067081067,
        "duration" : 48
      },
      "summary" : {
        "attachments" : 0,
        "steps" : 0
      },
      "status" : "PASSED",
      "attachments" : [ ],
      "steps" : [ ]
    }, {
      "name" : "getAverageTimeValueByIndex[6]",
      "title" : "Get average time metric from row 6",
      "time" : {
        "start" : 1521067081068,
        "stop" : 1521067081113,
        "duration" : 45
      },
      "summary" : {
        "attachments" : 0,
        "steps" : 0
      },
      "status" : "PASSED",
      "attachments" : [ ],
      "steps" : [ ]
    }, {
      "name" : "getFinishedReadingValueByIndex[6]",
      "title" : "Get finished reading metric from row 6",
      "time" : {
        "start" : 1521067081114,
        "stop" : 1521067081162,
        "duration" : 48
      },
      "summary" : {
        "attachments" : 0,
        "steps" : 0
      },
      "status" : "PASSED",
      "attachments" : [ ],
      "steps" : [ ]
    }, {
      "name" : "getRecirculationValueByIndex[6]",
      "title" : "Get recirculation metric from row 6",
      "time" : {
        "start" : 1521067081163,
        "stop" : 1521067081221,
        "duration" : 58
      },
      "summary" : {
        "attachments" : 0,
        "steps" : 0
      },
      "status" : "PASSED",
      "attachments" : [ ],
      "steps" : [ ]
    }, {
      "name" : "getPageViewsValueByIndex[7]",
      "title" : "Get page views metric from row 7",
      "time" : {
        "start" : 1521067081222,
        "stop" : 1521067081285,
        "duration" : 63
      },
      "summary" : {
        "attachments" : 0,
        "steps" : 0
      },
      "status" : "PASSED",
      "attachments" : [ ],
      "steps" : [ ]
    }, {
      "name" : "getAverageTimeValueByIndex[7]",
      "title" : "Get average time metric from row 7",
      "time" : {
        "start" : 1521067081285,
        "stop" : 1521067081334,
        "duration" : 49
      },
      "summary" : {
        "attachments" : 0,
        "steps" : 0
      },
      "status" : "PASSED",
      "attachments" : [ ],
      "steps" : [ ]
    }, {
      "name" : "getFinishedReadingValueByIndex[7]",
      "title" : "Get finished reading metric from row 7",
      "time" : {
        "start" : 1521067081335,
        "stop" : 1521067081389,
        "duration" : 54
      },
      "summary" : {
        "attachments" : 0,
        "steps" : 0
      },
      "status" : "PASSED",
      "attachments" : [ ],
      "steps" : [ ]
    }, {
      "name" : "getRecirculationValueByIndex[7]",
      "title" : "Get recirculation metric from row 7",
      "time" : {
        "start" : 1521067081389,
        "stop" : 1521067081444,
        "duration" : 55
      },
      "summary" : {
        "attachments" : 0,
        "steps" : 0
      },
      "status" : "PASSED",
      "attachments" : [ ],
      "steps" : [ ]
    }, {
      "name" : "getPageViewsValueByIndex[8]",
      "title" : "Get page views metric from row 8",
      "time" : {
        "start" : 1521067081445,
        "stop" : 1521067081502,
        "duration" : 57
      },
      "summary" : {
        "attachments" : 0,
        "steps" : 0
      },
      "status" : "PASSED",
      "attachments" : [ ],
      "steps" : [ ]
    }, {
      "name" : "getAverageTimeValueByIndex[8]",
      "title" : "Get average time metric from row 8",
      "time" : {
        "start" : 1521067081502,
        "stop" : 1521067081559,
        "duration" : 57
      },
      "summary" : {
        "attachments" : 0,
        "steps" : 0
      },
      "status" : "PASSED",
      "attachments" : [ ],
      "steps" : [ ]
    }, {
      "name" : "getFinishedReadingValueByIndex[8]",
      "title" : "Get finished reading metric from row 8",
      "time" : {
        "start" : 1521067081560,
        "stop" : 1521067081621,
        "duration" : 61
      },
      "summary" : {
        "attachments" : 0,
        "steps" : 0
      },
      "status" : "PASSED",
      "attachments" : [ ],
      "steps" : [ ]
    }, {
      "name" : "getRecirculationValueByIndex[8]",
      "title" : "Get recirculation metric from row 8",
      "time" : {
        "start" : 1521067081622,
        "stop" : 1521067081691,
        "duration" : 69
      },
      "summary" : {
        "attachments" : 0,
        "steps" : 0
      },
      "status" : "PASSED",
      "attachments" : [ ],
      "steps" : [ ]
    }, {
      "name" : "getPageViewsValueByIndex[9]",
      "title" : "Get page views metric from row 9",
      "time" : {
        "start" : 1521067081692,
        "stop" : 1521067081768,
        "duration" : 76
      },
      "summary" : {
        "attachments" : 0,
        "steps" : 0
      },
      "status" : "PASSED",
      "attachments" : [ ],
      "steps" : [ ]
    }, {
      "name" : "getAverageTimeValueByIndex[9]",
      "title" : "Get average time metric from row 9",
      "time" : {
        "start" : 1521067081769,
        "stop" : 1521067081816,
        "duration" : 47
      },
      "summary" : {
        "attachments" : 0,
        "steps" : 0
      },
      "status" : "PASSED",
      "attachments" : [ ],
      "steps" : [ ]
    }, {
      "name" : "getFinishedReadingValueByIndex[9]",
      "title" : "Get finished reading metric from row 9",
      "time" : {
        "start" : 1521067081817,
        "stop" : 1521067081869,
        "duration" : 52
      },
      "summary" : {
        "attachments" : 0,
        "steps" : 0
      },
      "status" : "PASSED",
      "attachments" : [ ],
      "steps" : [ ]
    }, {
      "name" : "getRecirculationValueByIndex[9]",
      "title" : "Get recirculation metric from row 9",
      "time" : {
        "start" : 1521067081870,
        "stop" : 1521067081923,
        "duration" : 53
      },
      "summary" : {
        "attachments" : 0,
        "steps" : 0
      },
      "status" : "PASSED",
      "attachments" : [ ],
      "steps" : [ ]
    }, {
      "name" : "getPageViewsValueByIndex[10]",
      "title" : "Get page views metric from row 10",
      "time" : {
        "start" : 1521067081924,
        "stop" : 1521067081973,
        "duration" : 49
      },
      "summary" : {
        "attachments" : 0,
        "steps" : 0
      },
      "status" : "PASSED",
      "attachments" : [ ],
      "steps" : [ ]
    }, {
      "name" : "getAverageTimeValueByIndex[10]",
      "title" : "Get average time metric from row 10",
      "time" : {
        "start" : 1521067081974,
        "stop" : 1521067082019,
        "duration" : 45
      },
      "summary" : {
        "attachments" : 0,
        "steps" : 0
      },
      "status" : "PASSED",
      "attachments" : [ ],
      "steps" : [ ]
    }, {
      "name" : "getFinishedReadingValueByIndex[10]",
      "title" : "Get finished reading metric from row 10",
      "time" : {
        "start" : 1521067082019,
        "stop" : 1521067082074,
        "duration" : 55
      },
      "summary" : {
        "attachments" : 0,
        "steps" : 0
      },
      "status" : "PASSED",
      "attachments" : [ ],
      "steps" : [ ]
    }, {
      "name" : "getRecirculationValueByIndex[10]",
      "title" : "Get recirculation metric from row 10",
      "time" : {
        "start" : 1521067082075,
        "stop" : 1521067082141,
        "duration" : 66
      },
      "summary" : {
        "attachments" : 0,
        "steps" : 0
      },
      "status" : "PASSED",
      "attachments" : [ ],
      "steps" : [ ]
    }, {
      "name" : "getPageViewsValueByIndex[11]",
      "title" : "Get page views metric from row 11",
      "time" : {
        "start" : 1521067082142,
        "stop" : 1521067082191,
        "duration" : 49
      },
      "summary" : {
        "attachments" : 0,
        "steps" : 0
      },
      "status" : "PASSED",
      "attachments" : [ ],
      "steps" : [ ]
    }, {
      "name" : "getAverageTimeValueByIndex[11]",
      "title" : "Get average time metric from row 11",
      "time" : {
        "start" : 1521067082192,
        "stop" : 1521067082237,
        "duration" : 45
      },
      "summary" : {
        "attachments" : 0,
        "steps" : 0
      },
      "status" : "PASSED",
      "attachments" : [ ],
      "steps" : [ ]
    }, {
      "name" : "getFinishedReadingValueByIndex[11]",
      "title" : "Get finished reading metric from row 11",
      "time" : {
        "start" : 1521067082237,
        "stop" : 1521067082292,
        "duration" : 55
      },
      "summary" : {
        "attachments" : 0,
        "steps" : 0
      },
      "status" : "PASSED",
      "attachments" : [ ],
      "steps" : [ ]
    }, {
      "name" : "getRecirculationValueByIndex[11]",
      "title" : "Get recirculation metric from row 11",
      "time" : {
        "start" : 1521067082293,
        "stop" : 1521067082355,
        "duration" : 62
      },
      "summary" : {
        "attachments" : 0,
        "steps" : 0
      },
      "status" : "PASSED",
      "attachments" : [ ],
      "steps" : [ ]
    }, {
      "name" : "getPageViewsValueByIndex[12]",
      "title" : "Get page views metric from row 12",
      "time" : {
        "start" : 1521067082356,
        "stop" : 1521067082412,
        "duration" : 56
      },
      "summary" : {
        "attachments" : 0,
        "steps" : 0
      },
      "status" : "PASSED",
      "attachments" : [ ],
      "steps" : [ ]
    }, {
      "name" : "getAverageTimeValueByIndex[12]",
      "title" : "Get average time metric from row 12",
      "time" : {
        "start" : 1521067082413,
        "stop" : 1521067082463,
        "duration" : 50
      },
      "summary" : {
        "attachments" : 0,
        "steps" : 0
      },
      "status" : "PASSED",
      "attachments" : [ ],
      "steps" : [ ]
    }, {
      "name" : "getFinishedReadingValueByIndex[12]",
      "title" : "Get finished reading metric from row 12",
      "time" : {
        "start" : 1521067082464,
        "stop" : 1521067082517,
        "duration" : 53
      },
      "summary" : {
        "attachments" : 0,
        "steps" : 0
      },
      "status" : "PASSED",
      "attachments" : [ ],
      "steps" : [ ]
    }, {
      "name" : "getRecirculationValueByIndex[12]",
      "title" : "Get recirculation metric from row 12",
      "time" : {
        "start" : 1521067082518,
        "stop" : 1521067082571,
        "duration" : 53
      },
      "summary" : {
        "attachments" : 0,
        "steps" : 0
      },
      "status" : "PASSED",
      "attachments" : [ ],
      "steps" : [ ]
    }, {
      "name" : "getPageViewsValueByIndex[13]",
      "title" : "Get page views metric from row 13",
      "time" : {
        "start" : 1521067082572,
        "stop" : 1521067082619,
        "duration" : 47
      },
      "summary" : {
        "attachments" : 0,
        "steps" : 0
      },
      "status" : "PASSED",
      "attachments" : [ ],
      "steps" : [ ]
    }, {
      "name" : "getAverageTimeValueByIndex[13]",
      "title" : "Get average time metric from row 13",
      "time" : {
        "start" : 1521067082620,
        "stop" : 1521067082673,
        "duration" : 53
      },
      "summary" : {
        "attachments" : 0,
        "steps" : 0
      },
      "status" : "PASSED",
      "attachments" : [ ],
      "steps" : [ ]
    }, {
      "name" : "getFinishedReadingValueByIndex[13]",
      "title" : "Get finished reading metric from row 13",
      "time" : {
        "start" : 1521067082674,
        "stop" : 1521067082729,
        "duration" : 55
      },
      "summary" : {
        "attachments" : 0,
        "steps" : 0
      },
      "status" : "PASSED",
      "attachments" : [ ],
      "steps" : [ ]
    }, {
      "name" : "getRecirculationValueByIndex[13]",
      "title" : "Get recirculation metric from row 13",
      "time" : {
        "start" : 1521067082729,
        "stop" : 1521067082786,
        "duration" : 57
      },
      "summary" : {
        "attachments" : 0,
        "steps" : 0
      },
      "status" : "PASSED",
      "attachments" : [ ],
      "steps" : [ ]
    }, {
      "name" : "getPageViewsValueByIndex[14]",
      "title" : "Get page views metric from row 14",
      "time" : {
        "start" : 1521067082787,
        "stop" : 1521067082839,
        "duration" : 52
      },
      "summary" : {
        "attachments" : 0,
        "steps" : 0
      },
      "status" : "PASSED",
      "attachments" : [ ],
      "steps" : [ ]
    }, {
      "name" : "getAverageTimeValueByIndex[14]",
      "title" : "Get average time metric from row 14",
      "time" : {
        "start" : 1521067082840,
        "stop" : 1521067082913,
        "duration" : 73
      },
      "summary" : {
        "attachments" : 0,
        "steps" : 0
      },
      "status" : "PASSED",
      "attachments" : [ ],
      "steps" : [ ]
    }, {
      "name" : "getFinishedReadingValueByIndex[14]",
      "title" : "Get finished reading metric from row 14",
      "time" : {
        "start" : 1521067082913,
        "stop" : 1521067082970,
        "duration" : 57
      },
      "summary" : {
        "attachments" : 0,
        "steps" : 0
      },
      "status" : "PASSED",
      "attachments" : [ ],
      "steps" : [ ]
    }, {
      "name" : "getRecirculationValueByIndex[14]",
      "title" : "Get recirculation metric from row 14",
      "time" : {
        "start" : 1521067082971,
        "stop" : 1521067083018,
        "duration" : 47
      },
      "summary" : {
        "attachments" : 0,
        "steps" : 0
      },
      "status" : "PASSED",
      "attachments" : [ ],
      "steps" : [ ]
    } ]
  }, {
    "name" : "assertArticlesOrder[[ArticleModel{pageViews=4, averageTime=Thu Jan 01 00:00:28 EET 1970, finishedReading=99, recirculati...]",
    "title" : "Assert order of articles by metric FINISHED_READING, from best: true",
    "time" : {
      "start" : 1521067083019,
      "stop" : 1521067083019,
      "duration" : 0
    },
    "summary" : {
      "attachments" : 0,
      "steps" : 0
    },
    "status" : "PASSED",
    "attachments" : [ ],
    "steps" : [ ]
  }, {
    "name" : "clickNext",
    "title" : "Click Next",
    "time" : {
      "start" : 1521067083020,
      "stop" : 1521067083265,
      "duration" : 245
    },
    "summary" : {
      "attachments" : 0,
      "steps" : 0
    },
    "status" : "PASSED",
    "attachments" : [ ],
    "steps" : [ ]
  }, {
    "name" : "waitForLoaderIsOff",
    "title" : "Wait until loader disappears",
    "time" : {
      "start" : 1521067083266,
      "stop" : 1521067084271,
      "duration" : 1005
    },
    "summary" : {
      "attachments" : 0,
      "steps" : 0
    },
    "status" : "PASSED",
    "attachments" : [ ],
    "steps" : [ ]
  }, {
    "name" : "getAllArticlesFromPage",
    "title" : "Get all articles metrics...",
    "time" : {
      "start" : 1521067084271,
      "stop" : 1521067088049,
      "duration" : 3778
    },
    "summary" : {
      "attachments" : 0,
      "steps" : 60
    },
    "status" : "PASSED",
    "attachments" : [ ],
    "steps" : [ {
      "name" : "getPageViewsValueByIndex[0]",
      "title" : "Get page views metric from row 0",
      "time" : {
        "start" : 1521067084288,
        "stop" : 1521067084347,
        "duration" : 59
      },
      "summary" : {
        "attachments" : 0,
        "steps" : 0
      },
      "status" : "PASSED",
      "attachments" : [ ],
      "steps" : [ ]
    }, {
      "name" : "getAverageTimeValueByIndex[0]",
      "title" : "Get average time metric from row 0",
      "time" : {
        "start" : 1521067084348,
        "stop" : 1521067084406,
        "duration" : 58
      },
      "summary" : {
        "attachments" : 0,
        "steps" : 0
      },
      "status" : "PASSED",
      "attachments" : [ ],
      "steps" : [ ]
    }, {
      "name" : "getFinishedReadingValueByIndex[0]",
      "title" : "Get finished reading metric from row 0",
      "time" : {
        "start" : 1521067084406,
        "stop" : 1521067084476,
        "duration" : 70
      },
      "summary" : {
        "attachments" : 0,
        "steps" : 0
      },
      "status" : "PASSED",
      "attachments" : [ ],
      "steps" : [ ]
    }, {
      "name" : "getRecirculationValueByIndex[0]",
      "title" : "Get recirculation metric from row 0",
      "time" : {
        "start" : 1521067084477,
        "stop" : 1521067084543,
        "duration" : 66
      },
      "summary" : {
        "attachments" : 0,
        "steps" : 0
      },
      "status" : "PASSED",
      "attachments" : [ ],
      "steps" : [ ]
    }, {
      "name" : "getPageViewsValueByIndex[1]",
      "title" : "Get page views metric from row 1",
      "time" : {
        "start" : 1521067084545,
        "stop" : 1521067084601,
        "duration" : 56
      },
      "summary" : {
        "attachments" : 0,
        "steps" : 0
      },
      "status" : "PASSED",
      "attachments" : [ ],
      "steps" : [ ]
    }, {
      "name" : "getAverageTimeValueByIndex[1]",
      "title" : "Get average time metric from row 1",
      "time" : {
        "start" : 1521067084602,
        "stop" : 1521067084661,
        "duration" : 59
      },
      "summary" : {
        "attachments" : 0,
        "steps" : 0
      },
      "status" : "PASSED",
      "attachments" : [ ],
      "steps" : [ ]
    }, {
      "name" : "getFinishedReadingValueByIndex[1]",
      "title" : "Get finished reading metric from row 1",
      "time" : {
        "start" : 1521067084662,
        "stop" : 1521067084728,
        "duration" : 66
      },
      "summary" : {
        "attachments" : 0,
        "steps" : 0
      },
      "status" : "PASSED",
      "attachments" : [ ],
      "steps" : [ ]
    }, {
      "name" : "getRecirculationValueByIndex[1]",
      "title" : "Get recirculation metric from row 1",
      "time" : {
        "start" : 1521067084729,
        "stop" : 1521067084795,
        "duration" : 66
      },
      "summary" : {
        "attachments" : 0,
        "steps" : 0
      },
      "status" : "PASSED",
      "attachments" : [ ],
      "steps" : [ ]
    }, {
      "name" : "getPageViewsValueByIndex[2]",
      "title" : "Get page views metric from row 2",
      "time" : {
        "start" : 1521067084796,
        "stop" : 1521067084860,
        "duration" : 64
      },
      "summary" : {
        "attachments" : 0,
        "steps" : 0
      },
      "status" : "PASSED",
      "attachments" : [ ],
      "steps" : [ ]
    }, {
      "name" : "getAverageTimeValueByIndex[2]",
      "title" : "Get average time metric from row 2",
      "time" : {
        "start" : 1521067084862,
        "stop" : 1521067084917,
        "duration" : 55
      },
      "summary" : {
        "attachments" : 0,
        "steps" : 0
      },
      "status" : "PASSED",
      "attachments" : [ ],
      "steps" : [ ]
    }, {
      "name" : "getFinishedReadingValueByIndex[2]",
      "title" : "Get finished reading metric from row 2",
      "time" : {
        "start" : 1521067084918,
        "stop" : 1521067084994,
        "duration" : 76
      },
      "summary" : {
        "attachments" : 0,
        "steps" : 0
      },
      "status" : "PASSED",
      "attachments" : [ ],
      "steps" : [ ]
    }, {
      "name" : "getRecirculationValueByIndex[2]",
      "title" : "Get recirculation metric from row 2",
      "time" : {
        "start" : 1521067084995,
        "stop" : 1521067085062,
        "duration" : 67
      },
      "summary" : {
        "attachments" : 0,
        "steps" : 0
      },
      "status" : "PASSED",
      "attachments" : [ ],
      "steps" : [ ]
    }, {
      "name" : "getPageViewsValueByIndex[3]",
      "title" : "Get page views metric from row 3",
      "time" : {
        "start" : 1521067085063,
        "stop" : 1521067085126,
        "duration" : 63
      },
      "summary" : {
        "attachments" : 0,
        "steps" : 0
      },
      "status" : "PASSED",
      "attachments" : [ ],
      "steps" : [ ]
    }, {
      "name" : "getAverageTimeValueByIndex[3]",
      "title" : "Get average time metric from row 3",
      "time" : {
        "start" : 1521067085127,
        "stop" : 1521067085183,
        "duration" : 56
      },
      "summary" : {
        "attachments" : 0,
        "steps" : 0
      },
      "status" : "PASSED",
      "attachments" : [ ],
      "steps" : [ ]
    }, {
      "name" : "getFinishedReadingValueByIndex[3]",
      "title" : "Get finished reading metric from row 3",
      "time" : {
        "start" : 1521067085184,
        "stop" : 1521067085258,
        "duration" : 74
      },
      "summary" : {
        "attachments" : 0,
        "steps" : 0
      },
      "status" : "PASSED",
      "attachments" : [ ],
      "steps" : [ ]
    }, {
      "name" : "getRecirculationValueByIndex[3]",
      "title" : "Get recirculation metric from row 3",
      "time" : {
        "start" : 1521067085259,
        "stop" : 1521067085339,
        "duration" : 80
      },
      "summary" : {
        "attachments" : 0,
        "steps" : 0
      },
      "status" : "PASSED",
      "attachments" : [ ],
      "steps" : [ ]
    }, {
      "name" : "getPageViewsValueByIndex[4]",
      "title" : "Get page views metric from row 4",
      "time" : {
        "start" : 1521067085340,
        "stop" : 1521067085387,
        "duration" : 47
      },
      "summary" : {
        "attachments" : 0,
        "steps" : 0
      },
      "status" : "PASSED",
      "attachments" : [ ],
      "steps" : [ ]
    }, {
      "name" : "getAverageTimeValueByIndex[4]",
      "title" : "Get average time metric from row 4",
      "time" : {
        "start" : 1521067085388,
        "stop" : 1521067085438,
        "duration" : 50
      },
      "summary" : {
        "attachments" : 0,
        "steps" : 0
      },
      "status" : "PASSED",
      "attachments" : [ ],
      "steps" : [ ]
    }, {
      "name" : "getFinishedReadingValueByIndex[4]",
      "title" : "Get finished reading metric from row 4",
      "time" : {
        "start" : 1521067085439,
        "stop" : 1521067085496,
        "duration" : 57
      },
      "summary" : {
        "attachments" : 0,
        "steps" : 0
      },
      "status" : "PASSED",
      "attachments" : [ ],
      "steps" : [ ]
    }, {
      "name" : "getRecirculationValueByIndex[4]",
      "title" : "Get recirculation metric from row 4",
      "time" : {
        "start" : 1521067085496,
        "stop" : 1521067085546,
        "duration" : 50
      },
      "summary" : {
        "attachments" : 0,
        "steps" : 0
      },
      "status" : "PASSED",
      "attachments" : [ ],
      "steps" : [ ]
    }, {
      "name" : "getPageViewsValueByIndex[5]",
      "title" : "Get page views metric from row 5",
      "time" : {
        "start" : 1521067085547,
        "stop" : 1521067085595,
        "duration" : 48
      },
      "summary" : {
        "attachments" : 0,
        "steps" : 0
      },
      "status" : "PASSED",
      "attachments" : [ ],
      "steps" : [ ]
    }, {
      "name" : "getAverageTimeValueByIndex[5]",
      "title" : "Get average time metric from row 5",
      "time" : {
        "start" : 1521067085596,
        "stop" : 1521067085663,
        "duration" : 67
      },
      "summary" : {
        "attachments" : 0,
        "steps" : 0
      },
      "status" : "PASSED",
      "attachments" : [ ],
      "steps" : [ ]
    }, {
      "name" : "getFinishedReadingValueByIndex[5]",
      "title" : "Get finished reading metric from row 5",
      "time" : {
        "start" : 1521067085664,
        "stop" : 1521067085730,
        "duration" : 66
      },
      "summary" : {
        "attachments" : 0,
        "steps" : 0
      },
      "status" : "PASSED",
      "attachments" : [ ],
      "steps" : [ ]
    }, {
      "name" : "getRecirculationValueByIndex[5]",
      "title" : "Get recirculation metric from row 5",
      "time" : {
        "start" : 1521067085731,
        "stop" : 1521067085789,
        "duration" : 58
      },
      "summary" : {
        "attachments" : 0,
        "steps" : 0
      },
      "status" : "PASSED",
      "attachments" : [ ],
      "steps" : [ ]
    }, {
      "name" : "getPageViewsValueByIndex[6]",
      "title" : "Get page views metric from row 6",
      "time" : {
        "start" : 1521067085790,
        "stop" : 1521067085844,
        "duration" : 54
      },
      "summary" : {
        "attachments" : 0,
        "steps" : 0
      },
      "status" : "PASSED",
      "attachments" : [ ],
      "steps" : [ ]
    }, {
      "name" : "getAverageTimeValueByIndex[6]",
      "title" : "Get average time metric from row 6",
      "time" : {
        "start" : 1521067085845,
        "stop" : 1521067085895,
        "duration" : 50
      },
      "summary" : {
        "attachments" : 0,
        "steps" : 0
      },
      "status" : "PASSED",
      "attachments" : [ ],
      "steps" : [ ]
    }, {
      "name" : "getFinishedReadingValueByIndex[6]",
      "title" : "Get finished reading metric from row 6",
      "time" : {
        "start" : 1521067085896,
        "stop" : 1521067085949,
        "duration" : 53
      },
      "summary" : {
        "attachments" : 0,
        "steps" : 0
      },
      "status" : "PASSED",
      "attachments" : [ ],
      "steps" : [ ]
    }, {
      "name" : "getRecirculationValueByIndex[6]",
      "title" : "Get recirculation metric from row 6",
      "time" : {
        "start" : 1521067085949,
        "stop" : 1521067086003,
        "duration" : 54
      },
      "summary" : {
        "attachments" : 0,
        "steps" : 0
      },
      "status" : "PASSED",
      "attachments" : [ ],
      "steps" : [ ]
    }, {
      "name" : "getPageViewsValueByIndex[7]",
      "title" : "Get page views metric from row 7",
      "time" : {
        "start" : 1521067086004,
        "stop" : 1521067086057,
        "duration" : 53
      },
      "summary" : {
        "attachments" : 0,
        "steps" : 0
      },
      "status" : "PASSED",
      "attachments" : [ ],
      "steps" : [ ]
    }, {
      "name" : "getAverageTimeValueByIndex[7]",
      "title" : "Get average time metric from row 7",
      "time" : {
        "start" : 1521067086058,
        "stop" : 1521067086106,
        "duration" : 48
      },
      "summary" : {
        "attachments" : 0,
        "steps" : 0
      },
      "status" : "PASSED",
      "attachments" : [ ],
      "steps" : [ ]
    }, {
      "name" : "getFinishedReadingValueByIndex[7]",
      "title" : "Get finished reading metric from row 7",
      "time" : {
        "start" : 1521067086107,
        "stop" : 1521067086165,
        "duration" : 58
      },
      "summary" : {
        "attachments" : 0,
        "steps" : 0
      },
      "status" : "PASSED",
      "attachments" : [ ],
      "steps" : [ ]
    }, {
      "name" : "getRecirculationValueByIndex[7]",
      "title" : "Get recirculation metric from row 7",
      "time" : {
        "start" : 1521067086166,
        "stop" : 1521067086226,
        "duration" : 60
      },
      "summary" : {
        "attachments" : 0,
        "steps" : 0
      },
      "status" : "PASSED",
      "attachments" : [ ],
      "steps" : [ ]
    }, {
      "name" : "getPageViewsValueByIndex[8]",
      "title" : "Get page views metric from row 8",
      "time" : {
        "start" : 1521067086227,
        "stop" : 1521067086283,
        "duration" : 56
      },
      "summary" : {
        "attachments" : 0,
        "steps" : 0
      },
      "status" : "PASSED",
      "attachments" : [ ],
      "steps" : [ ]
    }, {
      "name" : "getAverageTimeValueByIndex[8]",
      "title" : "Get average time metric from row 8",
      "time" : {
        "start" : 1521067086284,
        "stop" : 1521067086334,
        "duration" : 50
      },
      "summary" : {
        "attachments" : 0,
        "steps" : 0
      },
      "status" : "PASSED",
      "attachments" : [ ],
      "steps" : [ ]
    }, {
      "name" : "getFinishedReadingValueByIndex[8]",
      "title" : "Get finished reading metric from row 8",
      "time" : {
        "start" : 1521067086334,
        "stop" : 1521067086394,
        "duration" : 60
      },
      "summary" : {
        "attachments" : 0,
        "steps" : 0
      },
      "status" : "PASSED",
      "attachments" : [ ],
      "steps" : [ ]
    }, {
      "name" : "getRecirculationValueByIndex[8]",
      "title" : "Get recirculation metric from row 8",
      "time" : {
        "start" : 1521067086395,
        "stop" : 1521067086495,
        "duration" : 100
      },
      "summary" : {
        "attachments" : 0,
        "steps" : 0
      },
      "status" : "PASSED",
      "attachments" : [ ],
      "steps" : [ ]
    }, {
      "name" : "getPageViewsValueByIndex[9]",
      "title" : "Get page views metric from row 9",
      "time" : {
        "start" : 1521067086496,
        "stop" : 1521067086574,
        "duration" : 78
      },
      "summary" : {
        "attachments" : 0,
        "steps" : 0
      },
      "status" : "PASSED",
      "attachments" : [ ],
      "steps" : [ ]
    }, {
      "name" : "getAverageTimeValueByIndex[9]",
      "title" : "Get average time metric from row 9",
      "time" : {
        "start" : 1521067086575,
        "stop" : 1521067086616,
        "duration" : 41
      },
      "summary" : {
        "attachments" : 0,
        "steps" : 0
      },
      "status" : "PASSED",
      "attachments" : [ ],
      "steps" : [ ]
    }, {
      "name" : "getFinishedReadingValueByIndex[9]",
      "title" : "Get finished reading metric from row 9",
      "time" : {
        "start" : 1521067086617,
        "stop" : 1521067086670,
        "duration" : 53
      },
      "summary" : {
        "attachments" : 0,
        "steps" : 0
      },
      "status" : "PASSED",
      "attachments" : [ ],
      "steps" : [ ]
    }, {
      "name" : "getRecirculationValueByIndex[9]",
      "title" : "Get recirculation metric from row 9",
      "time" : {
        "start" : 1521067086671,
        "stop" : 1521067086719,
        "duration" : 48
      },
      "summary" : {
        "attachments" : 0,
        "steps" : 0
      },
      "status" : "PASSED",
      "attachments" : [ ],
      "steps" : [ ]
    }, {
      "name" : "getPageViewsValueByIndex[10]",
      "title" : "Get page views metric from row 10",
      "time" : {
        "start" : 1521067086720,
        "stop" : 1521067086803,
        "duration" : 83
      },
      "summary" : {
        "attachments" : 0,
        "steps" : 0
      },
      "status" : "PASSED",
      "attachments" : [ ],
      "steps" : [ ]
    }, {
      "name" : "getAverageTimeValueByIndex[10]",
      "title" : "Get average time metric from row 10",
      "time" : {
        "start" : 1521067086804,
        "stop" : 1521067086853,
        "duration" : 49
      },
      "summary" : {
        "attachments" : 0,
        "steps" : 0
      },
      "status" : "PASSED",
      "attachments" : [ ],
      "steps" : [ ]
    }, {
      "name" : "getFinishedReadingValueByIndex[10]",
      "title" : "Get finished reading metric from row 10",
      "time" : {
        "start" : 1521067086854,
        "stop" : 1521067086906,
        "duration" : 52
      },
      "summary" : {
        "attachments" : 0,
        "steps" : 0
      },
      "status" : "PASSED",
      "attachments" : [ ],
      "steps" : [ ]
    }, {
      "name" : "getRecirculationValueByIndex[10]",
      "title" : "Get recirculation metric from row 10",
      "time" : {
        "start" : 1521067086908,
        "stop" : 1521067086964,
        "duration" : 56
      },
      "summary" : {
        "attachments" : 0,
        "steps" : 0
      },
      "status" : "PASSED",
      "attachments" : [ ],
      "steps" : [ ]
    }, {
      "name" : "getPageViewsValueByIndex[11]",
      "title" : "Get page views metric from row 11",
      "time" : {
        "start" : 1521067086965,
        "stop" : 1521067087014,
        "duration" : 49
      },
      "summary" : {
        "attachments" : 0,
        "steps" : 0
      },
      "status" : "PASSED",
      "attachments" : [ ],
      "steps" : [ ]
    }, {
      "name" : "getAverageTimeValueByIndex[11]",
      "title" : "Get average time metric from row 11",
      "time" : {
        "start" : 1521067087015,
        "stop" : 1521067087062,
        "duration" : 47
      },
      "summary" : {
        "attachments" : 0,
        "steps" : 0
      },
      "status" : "PASSED",
      "attachments" : [ ],
      "steps" : [ ]
    }, {
      "name" : "getFinishedReadingValueByIndex[11]",
      "title" : "Get finished reading metric from row 11",
      "time" : {
        "start" : 1521067087063,
        "stop" : 1521067087209,
        "duration" : 146
      },
      "summary" : {
        "attachments" : 0,
        "steps" : 0
      },
      "status" : "PASSED",
      "attachments" : [ ],
      "steps" : [ ]
    }, {
      "name" : "getRecirculationValueByIndex[11]",
      "title" : "Get recirculation metric from row 11",
      "time" : {
        "start" : 1521067087210,
        "stop" : 1521067087274,
        "duration" : 64
      },
      "summary" : {
        "attachments" : 0,
        "steps" : 0
      },
      "status" : "PASSED",
      "attachments" : [ ],
      "steps" : [ ]
    }, {
      "name" : "getPageViewsValueByIndex[12]",
      "title" : "Get page views metric from row 12",
      "time" : {
        "start" : 1521067087276,
        "stop" : 1521067087325,
        "duration" : 49
      },
      "summary" : {
        "attachments" : 0,
        "steps" : 0
      },
      "status" : "PASSED",
      "attachments" : [ ],
      "steps" : [ ]
    }, {
      "name" : "getAverageTimeValueByIndex[12]",
      "title" : "Get average time metric from row 12",
      "time" : {
        "start" : 1521067087326,
        "stop" : 1521067087388,
        "duration" : 62
      },
      "summary" : {
        "attachments" : 0,
        "steps" : 0
      },
      "status" : "PASSED",
      "attachments" : [ ],
      "steps" : [ ]
    }, {
      "name" : "getFinishedReadingValueByIndex[12]",
      "title" : "Get finished reading metric from row 12",
      "time" : {
        "start" : 1521067087389,
        "stop" : 1521067087451,
        "duration" : 62
      },
      "summary" : {
        "attachments" : 0,
        "steps" : 0
      },
      "status" : "PASSED",
      "attachments" : [ ],
      "steps" : [ ]
    }, {
      "name" : "getRecirculationValueByIndex[12]",
      "title" : "Get recirculation metric from row 12",
      "time" : {
        "start" : 1521067087452,
        "stop" : 1521067087518,
        "duration" : 66
      },
      "summary" : {
        "attachments" : 0,
        "steps" : 0
      },
      "status" : "PASSED",
      "attachments" : [ ],
      "steps" : [ ]
    }, {
      "name" : "getPageViewsValueByIndex[13]",
      "title" : "Get page views metric from row 13",
      "time" : {
        "start" : 1521067087518,
        "stop" : 1521067087575,
        "duration" : 57
      },
      "summary" : {
        "attachments" : 0,
        "steps" : 0
      },
      "status" : "PASSED",
      "attachments" : [ ],
      "steps" : [ ]
    }, {
      "name" : "getAverageTimeValueByIndex[13]",
      "title" : "Get average time metric from row 13",
      "time" : {
        "start" : 1521067087577,
        "stop" : 1521067087638,
        "duration" : 61
      },
      "summary" : {
        "attachments" : 0,
        "steps" : 0
      },
      "status" : "PASSED",
      "attachments" : [ ],
      "steps" : [ ]
    }, {
      "name" : "getFinishedReadingValueByIndex[13]",
      "title" : "Get finished reading metric from row 13",
      "time" : {
        "start" : 1521067087639,
        "stop" : 1521067087729,
        "duration" : 90
      },
      "summary" : {
        "attachments" : 0,
        "steps" : 0
      },
      "status" : "PASSED",
      "attachments" : [ ],
      "steps" : [ ]
    }, {
      "name" : "getRecirculationValueByIndex[13]",
      "title" : "Get recirculation metric from row 13",
      "time" : {
        "start" : 1521067087730,
        "stop" : 1521067087798,
        "duration" : 68
      },
      "summary" : {
        "attachments" : 0,
        "steps" : 0
      },
      "status" : "PASSED",
      "attachments" : [ ],
      "steps" : [ ]
    }, {
      "name" : "getPageViewsValueByIndex[14]",
      "title" : "Get page views metric from row 14",
      "time" : {
        "start" : 1521067087798,
        "stop" : 1521067087858,
        "duration" : 60
      },
      "summary" : {
        "attachments" : 0,
        "steps" : 0
      },
      "status" : "PASSED",
      "attachments" : [ ],
      "steps" : [ ]
    }, {
      "name" : "getAverageTimeValueByIndex[14]",
      "title" : "Get average time metric from row 14",
      "time" : {
        "start" : 1521067087859,
        "stop" : 1521067087917,
        "duration" : 58
      },
      "summary" : {
        "attachments" : 0,
        "steps" : 0
      },
      "status" : "PASSED",
      "attachments" : [ ],
      "steps" : [ ]
    }, {
      "name" : "getFinishedReadingValueByIndex[14]",
      "title" : "Get finished reading metric from row 14",
      "time" : {
        "start" : 1521067087918,
        "stop" : 1521067087985,
        "duration" : 67
      },
      "summary" : {
        "attachments" : 0,
        "steps" : 0
      },
      "status" : "PASSED",
      "attachments" : [ ],
      "steps" : [ ]
    }, {
      "name" : "getRecirculationValueByIndex[14]",
      "title" : "Get recirculation metric from row 14",
      "time" : {
        "start" : 1521067087985,
        "stop" : 1521067088049,
        "duration" : 64
      },
      "summary" : {
        "attachments" : 0,
        "steps" : 0
      },
      "status" : "PASSED",
      "attachments" : [ ],
      "steps" : [ ]
    } ]
  }, {
    "name" : "assertArticlesOrder[[ArticleModel{pageViews=8, averageTime=Thu Jan 01 00:00:24 EET 1970, finishedReading=100, recirculat...]",
    "title" : "Assert order of articles by metric FINISHED_READING, from best: true",
    "time" : {
      "start" : 1521067088050,
      "stop" : 1521067088050,
      "duration" : 0
    },
    "summary" : {
      "attachments" : 0,
      "steps" : 0
    },
    "status" : "PASSED",
    "attachments" : [ ],
    "steps" : [ ]
  } ],
  "attachments" : [ ],
  "issues" : [ ],
  "labels" : [ {
    "name" : "suite-name",
    "value" : "TestTask : reportingTests"
  }, {
    "name" : "feature",
    "value" : "Desktop check sorting by metrics (Task 4)"
  }, {
    "name" : "thread",
    "value" : "10320@ALEX.main(1)"
  }, {
    "name" : "framework",
    "value" : "TestNG"
  }, {
    "name" : "host",
    "value" : "ALEX"
  }, {
    "name" : "story",
    "value" : "Google Chrome"
  }, {
    "name" : "language",
    "value" : "JAVA"
  }, {
    "name" : "suite-title",
    "value" : "TestTask : reportingTests"
  } ],
  "parameters" : [ ]
}