{
  "uid" : "484e4a60a5617a58",
  "name" : "verifyTimeFramesSwitch[REALTIME]",
  "title" : "Verify time frames switch [REALTIME]",
  "time" : {
    "start" : 1521066957681,
    "stop" : 1521066958946,
    "duration" : 1265
  },
  "summary" : {
    "attachments" : 0,
    "steps" : 10
  },
  "failure" : null,
  "description" : null,
  "severity" : "NORMAL",
  "status" : "PASSED",
  "testId" : null,
  "suite" : {
    "uid" : "ff2847323540eebb",
    "name" : "TestTask : reportingTests",
    "title" : "TestTask : reportingTests"
  },
  "steps" : [ {
    "name" : "get[https://onthe.io/auth]",
    "title" : "Get URL: https://onthe.io/auth",
    "time" : {
      "start" : 1521066936448,
      "stop" : 1521066936621,
      "duration" : 173
    },
    "summary" : {
      "attachments" : 0,
      "steps" : 0
    },
    "status" : "PASSED",
    "attachments" : [ ],
    "steps" : [ ]
  }, {
    "name" : "typeEmail[gexibawer@one2mail.info]",
    "title" : "Login page: Type email - gexibawer@one2mail.info",
    "time" : {
      "start" : 1521066936624,
      "stop" : 1521066937018,
      "duration" : 394
    },
    "summary" : {
      "attachments" : 0,
      "steps" : 0
    },
    "status" : "PASSED",
    "attachments" : [ ],
    "steps" : [ ]
  }, {
    "name" : "typePassword[q]",
    "title" : "Login page: Type password - q",
    "time" : {
      "start" : 1521066937020,
      "stop" : 1521066937215,
      "duration" : 195
    },
    "summary" : {
      "attachments" : 0,
      "steps" : 0
    },
    "status" : "PASSED",
    "attachments" : [ ],
    "steps" : [ ]
  }, {
    "name" : "clickLogin",
    "title" : "Login page: Click Login button",
    "time" : {
      "start" : 1521066937216,
      "stop" : 1521066937368,
      "duration" : 152
    },
    "summary" : {
      "attachments" : 0,
      "steps" : 0
    },
    "status" : "PASSED",
    "attachments" : [ ],
    "steps" : [ ]
  }, {
    "name" : "clickProjectButtonByIndex[0]",
    "title" : "Click projectButton by index 0",
    "time" : {
      "start" : 1521066942669,
      "stop" : 1521066947093,
      "duration" : 4424
    },
    "summary" : {
      "attachments" : 0,
      "steps" : 0
    },
    "status" : "PASSED",
    "attachments" : [ ],
    "steps" : [ ]
  }, {
    "name" : "refreshPage",
    "title" : "Refresh page",
    "time" : {
      "start" : 1521066948562,
      "stop" : 1521066955386,
      "duration" : 6824
    },
    "summary" : {
      "attachments" : 0,
      "steps" : 0
    },
    "status" : "PASSED",
    "attachments" : [ ],
    "steps" : [ ]
  }, {
    "name" : "waitForLoaderIsOff",
    "title" : "Wait until loader disappears",
    "time" : {
      "start" : 1521066955388,
      "stop" : 1521066957646,
      "duration" : 2258
    },
    "summary" : {
      "attachments" : 0,
      "steps" : 0
    },
    "status" : "PASSED",
    "attachments" : [ ],
    "steps" : [ ]
  }, {
    "name" : "chooseTimeFrame[REALTIME]",
    "title" : "Choose time frame - REALTIME",
    "time" : {
      "start" : 1521066957684,
      "stop" : 1521066958228,
      "duration" : 544
    },
    "summary" : {
      "attachments" : 0,
      "steps" : 0
    },
    "status" : "PASSED",
    "attachments" : [ ],
    "steps" : [ ]
  }, {
    "name" : "waitForLoaderIsOff",
    "title" : "Wait until loader disappears",
    "time" : {
      "start" : 1521066958230,
      "stop" : 1521066958793,
      "duration" : 563
    },
    "summary" : {
      "attachments" : 0,
      "steps" : 0
    },
    "status" : "PASSED",
    "attachments" : [ ],
    "steps" : [ ]
  }, {
    "name" : "getActiveTimeFrame",
    "title" : "Get active time frame",
    "time" : {
      "start" : 1521066958795,
      "stop" : 1521066958945,
      "duration" : 150
    },
    "summary" : {
      "attachments" : 0,
      "steps" : 0
    },
    "status" : "PASSED",
    "attachments" : [ ],
    "steps" : [ ]
  } ],
  "attachments" : [ ],
  "issues" : [ ],
  "labels" : [ {
    "name" : "suite-name",
    "value" : "TestTask : reportingTests"
  }, {
    "name" : "framework",
    "value" : "TestNG"
  }, {
    "name" : "story",
    "value" : "Google Chrome"
  }, {
    "name" : "host",
    "value" : "ALEX"
  }, {
    "name" : "thread",
    "value" : "10320@ALEX.main(1)"
  }, {
    "name" : "language",
    "value" : "JAVA"
  }, {
    "name" : "suite-title",
    "value" : "TestTask : reportingTests"
  }, {
    "name" : "feature",
    "value" : "Desktop check of time frames switching (Task 2)"
  } ],
  "parameters" : [ ]
}