{
  "uid" : "4eb44d0bd5de06b7",
  "name" : "verifyAuthorsFilter[team]",
  "title" : "Verify authors filter [team]",
  "time" : {
    "start" : 1521067012559,
    "stop" : 1521067013480,
    "duration" : 921
  },
  "summary" : {
    "attachments" : 0,
    "steps" : 7
  },
  "failure" : null,
  "description" : null,
  "severity" : "NORMAL",
  "status" : "PASSED",
  "testId" : null,
  "suite" : {
    "uid" : "ff2847323540eebb",
    "name" : "TestTask : reportingTests",
    "title" : "TestTask : reportingTests"
  },
  "steps" : [ {
    "name" : "clearAuthorFilter",
    "title" : "Clear author filter",
    "time" : {
      "start" : 1521067008482,
      "stop" : 1521067009779,
      "duration" : 1297
    },
    "summary" : {
      "attachments" : 0,
      "steps" : 0
    },
    "status" : "PASSED",
    "attachments" : [ ],
    "steps" : [ ]
  }, {
    "name" : "waitForLoaderIsOff",
    "title" : "Wait until loader disappears",
    "time" : {
      "start" : 1521067009780,
      "stop" : 1521067012557,
      "duration" : 2777
    },
    "summary" : {
      "attachments" : 0,
      "steps" : 0
    },
    "status" : "PASSED",
    "attachments" : [ ],
    "steps" : [ ]
  }, {
    "name" : "clickOnAuthorByName[team]",
    "title" : "Click on author by name: team",
    "time" : {
      "start" : 1521067012560,
      "stop" : 1521067012843,
      "duration" : 283
    },
    "summary" : {
      "attachments" : 0,
      "steps" : 0
    },
    "status" : "PASSED",
    "attachments" : [ ],
    "steps" : [ ]
  }, {
    "name" : "waitForLoaderIsOff",
    "title" : "Wait until loader disappears",
    "time" : {
      "start" : 1521067012845,
      "stop" : 1521067013338,
      "duration" : 493
    },
    "summary" : {
      "attachments" : 0,
      "steps" : 0
    },
    "status" : "PASSED",
    "attachments" : [ ],
    "steps" : [ ]
  }, {
    "name" : "getCountOfArticles",
    "title" : "Get count of articles",
    "time" : {
      "start" : 1521067013340,
      "stop" : 1521067013379,
      "duration" : 39
    },
    "summary" : {
      "attachments" : 0,
      "steps" : 0
    },
    "status" : "PASSED",
    "attachments" : [ ],
    "steps" : [ ]
  }, {
    "name" : "getArticleAuthorNameByIndex[0]",
    "title" : "Get articles author name by index",
    "time" : {
      "start" : 1521067013380,
      "stop" : 1521067013444,
      "duration" : 64
    },
    "summary" : {
      "attachments" : 0,
      "steps" : 0
    },
    "status" : "PASSED",
    "attachments" : [ ],
    "steps" : [ ]
  }, {
    "name" : "getCountOfArticles",
    "title" : "Get count of articles",
    "time" : {
      "start" : 1521067013445,
      "stop" : 1521067013480,
      "duration" : 35
    },
    "summary" : {
      "attachments" : 0,
      "steps" : 0
    },
    "status" : "PASSED",
    "attachments" : [ ],
    "steps" : [ ]
  } ],
  "attachments" : [ ],
  "issues" : [ ],
  "labels" : [ {
    "name" : "framework",
    "value" : "TestNG"
  }, {
    "name" : "host",
    "value" : "ALEX"
  }, {
    "name" : "suite-name",
    "value" : "TestTask : reportingTests"
  }, {
    "name" : "suite-title",
    "value" : "TestTask : reportingTests"
  }, {
    "name" : "thread",
    "value" : "10320@ALEX.main(1)"
  }, {
    "name" : "story",
    "value" : "Google Chrome"
  }, {
    "name" : "language",
    "value" : "JAVA"
  }, {
    "name" : "feature",
    "value" : "Desktop check author filter (Task 3)"
  } ],
  "parameters" : [ ]
}