{
  "uid" : "4f195588c8ab76a6",
  "name" : "verifyAuthorsFilter[Den Golotyuk]",
  "title" : "Verify authors filter [Den Golotyuk]",
  "time" : {
    "start" : 1521067003886,
    "stop" : 1521067008479,
    "duration" : 4593
  },
  "summary" : {
    "attachments" : 0,
    "steps" : 31
  },
  "failure" : null,
  "description" : null,
  "severity" : "NORMAL",
  "status" : "PASSED",
  "testId" : null,
  "suite" : {
    "uid" : "ff2847323540eebb",
    "name" : "TestTask : reportingTests",
    "title" : "TestTask : reportingTests"
  },
  "steps" : [ {
    "name" : "get[https://onthe.io/auth]",
    "title" : "Get URL: https://onthe.io/auth",
    "time" : {
      "start" : 1521066975186,
      "stop" : 1521066975364,
      "duration" : 178
    },
    "summary" : {
      "attachments" : 0,
      "steps" : 0
    },
    "status" : "PASSED",
    "attachments" : [ ],
    "steps" : [ ]
  }, {
    "name" : "typeEmail[gexibawer@one2mail.info]",
    "title" : "Login page: Type email - gexibawer@one2mail.info",
    "time" : {
      "start" : 1521066975365,
      "stop" : 1521066975805,
      "duration" : 440
    },
    "summary" : {
      "attachments" : 0,
      "steps" : 0
    },
    "status" : "PASSED",
    "attachments" : [ ],
    "steps" : [ ]
  }, {
    "name" : "typePassword[q]",
    "title" : "Login page: Type password - q",
    "time" : {
      "start" : 1521066975807,
      "stop" : 1521066975985,
      "duration" : 178
    },
    "summary" : {
      "attachments" : 0,
      "steps" : 0
    },
    "status" : "PASSED",
    "attachments" : [ ],
    "steps" : [ ]
  }, {
    "name" : "clickLogin",
    "title" : "Login page: Click Login button",
    "time" : {
      "start" : 1521066975986,
      "stop" : 1521066976152,
      "duration" : 166
    },
    "summary" : {
      "attachments" : 0,
      "steps" : 0
    },
    "status" : "PASSED",
    "attachments" : [ ],
    "steps" : [ ]
  }, {
    "name" : "clickProjectButtonByIndex[0]",
    "title" : "Click projectButton by index 0",
    "time" : {
      "start" : 1521066982999,
      "stop" : 1521066985386,
      "duration" : 2387
    },
    "summary" : {
      "attachments" : 0,
      "steps" : 0
    },
    "status" : "PASSED",
    "attachments" : [ ],
    "steps" : [ ]
  }, {
    "name" : "refreshPage",
    "title" : "Refresh page",
    "time" : {
      "start" : 1521066991668,
      "stop" : 1521066996999,
      "duration" : 5331
    },
    "summary" : {
      "attachments" : 0,
      "steps" : 0
    },
    "status" : "PASSED",
    "attachments" : [ ],
    "steps" : [ ]
  }, {
    "name" : "waitForLoaderIsOff",
    "title" : "Wait until loader disappears",
    "time" : {
      "start" : 1521066997001,
      "stop" : 1521066999300,
      "duration" : 2299
    },
    "summary" : {
      "attachments" : 0,
      "steps" : 0
    },
    "status" : "PASSED",
    "attachments" : [ ],
    "steps" : [ ]
  }, {
    "name" : "chooseTimeFrame[MONTH]",
    "title" : "Choose time frame - MONTH",
    "time" : {
      "start" : 1521066999301,
      "stop" : 1521066999619,
      "duration" : 318
    },
    "summary" : {
      "attachments" : 0,
      "steps" : 0
    },
    "status" : "PASSED",
    "attachments" : [ ],
    "steps" : [ ]
  }, {
    "name" : "waitForLoaderIsOff",
    "title" : "Wait until loader disappears",
    "time" : {
      "start" : 1521066999621,
      "stop" : 1521067001081,
      "duration" : 1460
    },
    "summary" : {
      "attachments" : 0,
      "steps" : 0
    },
    "status" : "PASSED",
    "attachments" : [ ],
    "steps" : [ ]
  }, {
    "name" : "getAuthorsList",
    "title" : "Get authors list",
    "time" : {
      "start" : 1521067001083,
      "stop" : 1521067001649,
      "duration" : 566
    },
    "summary" : {
      "attachments" : 0,
      "steps" : 0
    },
    "status" : "PASSED",
    "attachments" : [ ],
    "steps" : [ ]
  }, {
    "name" : "clearAuthorFilter",
    "title" : "Clear author filter",
    "time" : {
      "start" : 1521067001651,
      "stop" : 1521067001719,
      "duration" : 68
    },
    "summary" : {
      "attachments" : 0,
      "steps" : 0
    },
    "status" : "PASSED",
    "attachments" : [ ],
    "steps" : [ ]
  }, {
    "name" : "waitForLoaderIsOff",
    "title" : "Wait until loader disappears",
    "time" : {
      "start" : 1521067001721,
      "stop" : 1521067003884,
      "duration" : 2163
    },
    "summary" : {
      "attachments" : 0,
      "steps" : 0
    },
    "status" : "PASSED",
    "attachments" : [ ],
    "steps" : [ ]
  }, {
    "name" : "clickOnAuthorByName[Den Golotyuk]",
    "title" : "Click on author by name: Den Golotyuk",
    "time" : {
      "start" : 1521067003888,
      "stop" : 1521067004304,
      "duration" : 416
    },
    "summary" : {
      "attachments" : 0,
      "steps" : 0
    },
    "status" : "PASSED",
    "attachments" : [ ],
    "steps" : [ ]
  }, {
    "name" : "waitForLoaderIsOff",
    "title" : "Wait until loader disappears",
    "time" : {
      "start" : 1521067004306,
      "stop" : 1521067006468,
      "duration" : 2162
    },
    "summary" : {
      "attachments" : 0,
      "steps" : 0
    },
    "status" : "PASSED",
    "attachments" : [ ],
    "steps" : [ ]
  }, {
    "name" : "getCountOfArticles",
    "title" : "Get count of articles",
    "time" : {
      "start" : 1521067006469,
      "stop" : 1521067006516,
      "duration" : 47
    },
    "summary" : {
      "attachments" : 0,
      "steps" : 0
    },
    "status" : "PASSED",
    "attachments" : [ ],
    "steps" : [ ]
  }, {
    "name" : "getArticleAuthorNameByIndex[0]",
    "title" : "Get articles author name by index",
    "time" : {
      "start" : 1521067006518,
      "stop" : 1521067006603,
      "duration" : 85
    },
    "summary" : {
      "attachments" : 0,
      "steps" : 0
    },
    "status" : "PASSED",
    "attachments" : [ ],
    "steps" : [ ]
  }, {
    "name" : "getCountOfArticles",
    "title" : "Get count of articles",
    "time" : {
      "start" : 1521067006604,
      "stop" : 1521067006637,
      "duration" : 33
    },
    "summary" : {
      "attachments" : 0,
      "steps" : 0
    },
    "status" : "PASSED",
    "attachments" : [ ],
    "steps" : [ ]
  }, {
    "name" : "getArticleAuthorNameByIndex[2]",
    "title" : "Get articles author name by index",
    "time" : {
      "start" : 1521067006639,
      "stop" : 1521067006731,
      "duration" : 92
    },
    "summary" : {
      "attachments" : 0,
      "steps" : 0
    },
    "status" : "PASSED",
    "attachments" : [ ],
    "steps" : [ ]
  }, {
    "name" : "getCountOfArticles",
    "title" : "Get count of articles",
    "time" : {
      "start" : 1521067006732,
      "stop" : 1521067006820,
      "duration" : 88
    },
    "summary" : {
      "attachments" : 0,
      "steps" : 0
    },
    "status" : "PASSED",
    "attachments" : [ ],
    "steps" : [ ]
  }, {
    "name" : "getArticleAuthorNameByIndex[4]",
    "title" : "Get articles author name by index",
    "time" : {
      "start" : 1521067006822,
      "stop" : 1521067007080,
      "duration" : 258
    },
    "summary" : {
      "attachments" : 0,
      "steps" : 0
    },
    "status" : "PASSED",
    "attachments" : [ ],
    "steps" : [ ]
  }, {
    "name" : "getCountOfArticles",
    "title" : "Get count of articles",
    "time" : {
      "start" : 1521067007082,
      "stop" : 1521067007151,
      "duration" : 69
    },
    "summary" : {
      "attachments" : 0,
      "steps" : 0
    },
    "status" : "PASSED",
    "attachments" : [ ],
    "steps" : [ ]
  }, {
    "name" : "getArticleAuthorNameByIndex[6]",
    "title" : "Get articles author name by index",
    "time" : {
      "start" : 1521067007152,
      "stop" : 1521067007400,
      "duration" : 248
    },
    "summary" : {
      "attachments" : 0,
      "steps" : 0
    },
    "status" : "PASSED",
    "attachments" : [ ],
    "steps" : [ ]
  }, {
    "name" : "getCountOfArticles",
    "title" : "Get count of articles",
    "time" : {
      "start" : 1521067007402,
      "stop" : 1521067007483,
      "duration" : 81
    },
    "summary" : {
      "attachments" : 0,
      "steps" : 0
    },
    "status" : "PASSED",
    "attachments" : [ ],
    "steps" : [ ]
  }, {
    "name" : "getArticleAuthorNameByIndex[8]",
    "title" : "Get articles author name by index",
    "time" : {
      "start" : 1521067007485,
      "stop" : 1521067007572,
      "duration" : 87
    },
    "summary" : {
      "attachments" : 0,
      "steps" : 0
    },
    "status" : "PASSED",
    "attachments" : [ ],
    "steps" : [ ]
  }, {
    "name" : "getCountOfArticles",
    "title" : "Get count of articles",
    "time" : {
      "start" : 1521067007573,
      "stop" : 1521067007622,
      "duration" : 49
    },
    "summary" : {
      "attachments" : 0,
      "steps" : 0
    },
    "status" : "PASSED",
    "attachments" : [ ],
    "steps" : [ ]
  }, {
    "name" : "getArticleAuthorNameByIndex[10]",
    "title" : "Get articles author name by index",
    "time" : {
      "start" : 1521067007624,
      "stop" : 1521067007735,
      "duration" : 111
    },
    "summary" : {
      "attachments" : 0,
      "steps" : 0
    },
    "status" : "PASSED",
    "attachments" : [ ],
    "steps" : [ ]
  }, {
    "name" : "getCountOfArticles",
    "title" : "Get count of articles",
    "time" : {
      "start" : 1521067007737,
      "stop" : 1521067007782,
      "duration" : 45
    },
    "summary" : {
      "attachments" : 0,
      "steps" : 0
    },
    "status" : "PASSED",
    "attachments" : [ ],
    "steps" : [ ]
  }, {
    "name" : "getArticleAuthorNameByIndex[12]",
    "title" : "Get articles author name by index",
    "time" : {
      "start" : 1521067007784,
      "stop" : 1521067007952,
      "duration" : 168
    },
    "summary" : {
      "attachments" : 0,
      "steps" : 0
    },
    "status" : "PASSED",
    "attachments" : [ ],
    "steps" : [ ]
  }, {
    "name" : "getCountOfArticles",
    "title" : "Get count of articles",
    "time" : {
      "start" : 1521067007953,
      "stop" : 1521067008140,
      "duration" : 187
    },
    "summary" : {
      "attachments" : 0,
      "steps" : 0
    },
    "status" : "PASSED",
    "attachments" : [ ],
    "steps" : [ ]
  }, {
    "name" : "getArticleAuthorNameByIndex[14]",
    "title" : "Get articles author name by index",
    "time" : {
      "start" : 1521067008141,
      "stop" : 1521067008418,
      "duration" : 277
    },
    "summary" : {
      "attachments" : 0,
      "steps" : 0
    },
    "status" : "PASSED",
    "attachments" : [ ],
    "steps" : [ ]
  }, {
    "name" : "getCountOfArticles",
    "title" : "Get count of articles",
    "time" : {
      "start" : 1521067008419,
      "stop" : 1521067008479,
      "duration" : 60
    },
    "summary" : {
      "attachments" : 0,
      "steps" : 0
    },
    "status" : "PASSED",
    "attachments" : [ ],
    "steps" : [ ]
  } ],
  "attachments" : [ ],
  "issues" : [ ],
  "labels" : [ {
    "name" : "suite-name",
    "value" : "TestTask : reportingTests"
  }, {
    "name" : "framework",
    "value" : "TestNG"
  }, {
    "name" : "feature",
    "value" : "Desktop check author filter (Task 3)"
  }, {
    "name" : "host",
    "value" : "ALEX"
  }, {
    "name" : "thread",
    "value" : "10320@ALEX.main(1)"
  }, {
    "name" : "language",
    "value" : "JAVA"
  }, {
    "name" : "suite-title",
    "value" : "TestTask : reportingTests"
  }, {
    "name" : "story",
    "value" : "Google Chrome"
  } ],
  "parameters" : [ ]
}