{
  "uid" : "5a691cdc3772ae25",
  "name" : "verifyPageViewsTracking[https://ruhighload.com/%d0%9e%d1%88%d0%b8%d0%b1%d0%ba%d0%b0+504+gateway+time-out+%d0%b2+nginx]",
  "title" : "Verify page views tracking [https://ruhighload.com/%d0%9e%d1%88%d0%b8%d0%b1%d0%ba%d0%b0+504+gateway+time-out+%d0%b2+nginx]",
  "time" : {
    "start" : 1521067175667,
    "stop" : 1521067176020,
    "duration" : 353
  },
  "summary" : {
    "attachments" : 0,
    "steps" : 2
  },
  "failure" : null,
  "description" : null,
  "severity" : "NORMAL",
  "status" : "PASSED",
  "testId" : null,
  "suite" : {
    "uid" : "3d2fbddd6c79e0ae",
    "name" : "TestTask : ruHighloadTestsDataTracking",
    "title" : "TestTask : ruHighloadTestsDataTracking"
  },
  "steps" : [ {
    "name" : "get[https://ruhighload.com/%d0%9e%d1%88%d0%b8%d0%b1%d0%ba%d0%b0+504+gateway+time-out+%d0%b2+nginx]",
    "title" : "Get URL: https://ruhighload.com/%d0%9e%d1%88%d0%b8%d0%b1%d0%ba%d0%b0+504+gateway+time-out+%d0%b2+nginx",
    "time" : {
      "start" : 1521067175668,
      "stop" : 1521067175959,
      "duration" : 291
    },
    "summary" : {
      "attachments" : 0,
      "steps" : 0
    },
    "status" : "PASSED",
    "attachments" : [ ],
    "steps" : [ ]
  }, {
    "name" : "AssertPerformanceLogEntry[[{\"message\":{\"method\":\"Network.responseReceived\",\"params\":{\"frameId\":\"(C5270885E9D8CB9A4C7F426...]",
    "title" : "Assert performance log contains: GET https://tt.onthe.io/?k[]=28:pageviews",
    "time" : {
      "start" : 1521067176004,
      "stop" : 1521067176020,
      "duration" : 16
    },
    "summary" : {
      "attachments" : 0,
      "steps" : 0
    },
    "status" : "PASSED",
    "attachments" : [ ],
    "steps" : [ ]
  } ],
  "attachments" : [ ],
  "issues" : [ ],
  "labels" : [ {
    "name" : "thread",
    "value" : "10320@ALEX.main(1)"
  }, {
    "name" : "story",
    "value" : "Google Chrome"
  }, {
    "name" : "language",
    "value" : "JAVA"
  }, {
    "name" : "framework",
    "value" : "TestNG"
  }, {
    "name" : "suite-title",
    "value" : "TestTask : ruHighloadTestsDataTracking"
  }, {
    "name" : "host",
    "value" : "ALEX"
  }, {
    "name" : "suite-name",
    "value" : "TestTask : ruHighloadTestsDataTracking"
  }, {
    "name" : "feature",
    "value" : "Desktop check of data tracking (Task 5)"
  } ],
  "parameters" : [ ]
}