{
  "uid" : "66c24ddd0dd5e706",
  "name" : "verifyTvDashboardOption",
  "title" : "Verify tv dashboard option",
  "time" : {
    "start" : 1521066933538,
    "stop" : 1521066935775,
    "duration" : 2237
  },
  "summary" : {
    "attachments" : 0,
    "steps" : 2
  },
  "failure" : null,
  "description" : null,
  "severity" : "NORMAL",
  "status" : "PASSED",
  "testId" : null,
  "suite" : {
    "uid" : "ff2847323540eebb",
    "name" : "TestTask : reportingTests",
    "title" : "TestTask : reportingTests"
  },
  "steps" : [ {
    "name" : "clickTvDashboard",
    "title" : "Left menu bar: Click on TV Dashboard icon",
    "time" : {
      "start" : 1521066933540,
      "stop" : 1521066934614,
      "duration" : 1074
    },
    "summary" : {
      "attachments" : 0,
      "steps" : 0
    },
    "status" : "PASSED",
    "attachments" : [ ],
    "steps" : [ ]
  }, {
    "name" : "urlContains[dash.onthe.io, 0, Wrong URL!\nActual URL: https://dash.onthe.io/Gzb_9oMawcAHAd8s0jAcSuNwbWyIu9Ja?slqd50]",
    "title" : "Assert that URL contains: dash.onthe.io",
    "time" : {
      "start" : 1521066935722,
      "stop" : 1521066935775,
      "duration" : 53
    },
    "summary" : {
      "attachments" : 0,
      "steps" : 0
    },
    "status" : "PASSED",
    "attachments" : [ ],
    "steps" : [ ]
  } ],
  "attachments" : [ ],
  "issues" : [ ],
  "labels" : [ {
    "name" : "thread",
    "value" : "10320@ALEX.main(1)"
  }, {
    "name" : "story",
    "value" : "Google Chrome"
  }, {
    "name" : "host",
    "value" : "ALEX"
  }, {
    "name" : "framework",
    "value" : "TestNG"
  }, {
    "name" : "suite-title",
    "value" : "TestTask : reportingTests"
  }, {
    "name" : "feature",
    "value" : "Desktop check left menu bar (Task 1)"
  }, {
    "name" : "language",
    "value" : "JAVA"
  }, {
    "name" : "suite-name",
    "value" : "TestTask : reportingTests"
  } ],
  "parameters" : [ ]
}