{
  "uid" : "821505c9a95e3637",
  "name" : "verifyTimeFramesSwitch[WEEK]",
  "title" : "Verify time frames switch [WEEK]",
  "time" : {
    "start" : 1521066967326,
    "stop" : 1521066972417,
    "duration" : 5091
  },
  "summary" : {
    "attachments" : 0,
    "steps" : 3
  },
  "failure" : null,
  "description" : null,
  "severity" : "NORMAL",
  "status" : "PASSED",
  "testId" : null,
  "suite" : {
    "uid" : "ff2847323540eebb",
    "name" : "TestTask : reportingTests",
    "title" : "TestTask : reportingTests"
  },
  "steps" : [ {
    "name" : "chooseTimeFrame[WEEK]",
    "title" : "Choose time frame - WEEK",
    "time" : {
      "start" : 1521066967328,
      "stop" : 1521066967632,
      "duration" : 304
    },
    "summary" : {
      "attachments" : 0,
      "steps" : 0
    },
    "status" : "PASSED",
    "attachments" : [ ],
    "steps" : [ ]
  }, {
    "name" : "waitForLoaderIsOff",
    "title" : "Wait until loader disappears",
    "time" : {
      "start" : 1521066967634,
      "stop" : 1521066972331,
      "duration" : 4697
    },
    "summary" : {
      "attachments" : 0,
      "steps" : 0
    },
    "status" : "PASSED",
    "attachments" : [ ],
    "steps" : [ ]
  }, {
    "name" : "getActiveTimeFrame",
    "title" : "Get active time frame",
    "time" : {
      "start" : 1521066972333,
      "stop" : 1521066972417,
      "duration" : 84
    },
    "summary" : {
      "attachments" : 0,
      "steps" : 0
    },
    "status" : "PASSED",
    "attachments" : [ ],
    "steps" : [ ]
  } ],
  "attachments" : [ ],
  "issues" : [ ],
  "labels" : [ {
    "name" : "story",
    "value" : "Google Chrome"
  }, {
    "name" : "suite-title",
    "value" : "TestTask : reportingTests"
  }, {
    "name" : "framework",
    "value" : "TestNG"
  }, {
    "name" : "host",
    "value" : "ALEX"
  }, {
    "name" : "suite-name",
    "value" : "TestTask : reportingTests"
  }, {
    "name" : "feature",
    "value" : "Desktop check of time frames switching (Task 2)"
  }, {
    "name" : "language",
    "value" : "JAVA"
  }, {
    "name" : "thread",
    "value" : "10320@ALEX.main(1)"
  } ],
  "parameters" : [ ]
}