{
  "uid" : "8b08940176eeb47a",
  "name" : "verifyAuthorsFilter[# Серверная]",
  "title" : "Verify authors filter [# Серверная]",
  "time" : {
    "start" : 1521067015819,
    "stop" : 1521067016834,
    "duration" : 1015
  },
  "summary" : {
    "attachments" : 0,
    "steps" : 7
  },
  "failure" : null,
  "description" : null,
  "severity" : "NORMAL",
  "status" : "PASSED",
  "testId" : null,
  "suite" : {
    "uid" : "ff2847323540eebb",
    "name" : "TestTask : reportingTests",
    "title" : "TestTask : reportingTests"
  },
  "steps" : [ {
    "name" : "clearAuthorFilter",
    "title" : "Clear author filter",
    "time" : {
      "start" : 1521067013482,
      "stop" : 1521067013719,
      "duration" : 237
    },
    "summary" : {
      "attachments" : 0,
      "steps" : 0
    },
    "status" : "PASSED",
    "attachments" : [ ],
    "steps" : [ ]
  }, {
    "name" : "waitForLoaderIsOff",
    "title" : "Wait until loader disappears",
    "time" : {
      "start" : 1521067013721,
      "stop" : 1521067015818,
      "duration" : 2097
    },
    "summary" : {
      "attachments" : 0,
      "steps" : 0
    },
    "status" : "PASSED",
    "attachments" : [ ],
    "steps" : [ ]
  }, {
    "name" : "clickOnAuthorByName[# Серверная]",
    "title" : "Click on author by name: # Серверная",
    "time" : {
      "start" : 1521067015821,
      "stop" : 1521067016181,
      "duration" : 360
    },
    "summary" : {
      "attachments" : 0,
      "steps" : 0
    },
    "status" : "PASSED",
    "attachments" : [ ],
    "steps" : [ ]
  }, {
    "name" : "waitForLoaderIsOff",
    "title" : "Wait until loader disappears",
    "time" : {
      "start" : 1521067016183,
      "stop" : 1521067016712,
      "duration" : 529
    },
    "summary" : {
      "attachments" : 0,
      "steps" : 0
    },
    "status" : "PASSED",
    "attachments" : [ ],
    "steps" : [ ]
  }, {
    "name" : "getCountOfArticles",
    "title" : "Get count of articles",
    "time" : {
      "start" : 1521067016713,
      "stop" : 1521067016742,
      "duration" : 29
    },
    "summary" : {
      "attachments" : 0,
      "steps" : 0
    },
    "status" : "PASSED",
    "attachments" : [ ],
    "steps" : [ ]
  }, {
    "name" : "getArticleAuthorNameByIndex[0]",
    "title" : "Get articles author name by index",
    "time" : {
      "start" : 1521067016744,
      "stop" : 1521067016796,
      "duration" : 52
    },
    "summary" : {
      "attachments" : 0,
      "steps" : 0
    },
    "status" : "PASSED",
    "attachments" : [ ],
    "steps" : [ ]
  }, {
    "name" : "getCountOfArticles",
    "title" : "Get count of articles",
    "time" : {
      "start" : 1521067016798,
      "stop" : 1521067016833,
      "duration" : 35
    },
    "summary" : {
      "attachments" : 0,
      "steps" : 0
    },
    "status" : "PASSED",
    "attachments" : [ ],
    "steps" : [ ]
  } ],
  "attachments" : [ ],
  "issues" : [ ],
  "labels" : [ {
    "name" : "framework",
    "value" : "TestNG"
  }, {
    "name" : "story",
    "value" : "Google Chrome"
  }, {
    "name" : "suite-title",
    "value" : "TestTask : reportingTests"
  }, {
    "name" : "thread",
    "value" : "10320@ALEX.main(1)"
  }, {
    "name" : "language",
    "value" : "JAVA"
  }, {
    "name" : "suite-name",
    "value" : "TestTask : reportingTests"
  }, {
    "name" : "feature",
    "value" : "Desktop check author filter (Task 3)"
  }, {
    "name" : "host",
    "value" : "ALEX"
  } ],
  "parameters" : [ ]
}