{
  "uid" : "91121c9e7f1d9d20",
  "name" : "verifyAuthorsFilter[# Браузерная]",
  "title" : "Verify authors filter [# Браузерная]",
  "time" : {
    "start" : 1521067025351,
    "stop" : 1521067026371,
    "duration" : 1020
  },
  "summary" : {
    "attachments" : 0,
    "steps" : 9
  },
  "failure" : null,
  "description" : null,
  "severity" : "NORMAL",
  "status" : "PASSED",
  "testId" : null,
  "suite" : {
    "uid" : "ff2847323540eebb",
    "name" : "TestTask : reportingTests",
    "title" : "TestTask : reportingTests"
  },
  "steps" : [ {
    "name" : "clearAuthorFilter",
    "title" : "Clear author filter",
    "time" : {
      "start" : 1521067023452,
      "stop" : 1521067023620,
      "duration" : 168
    },
    "summary" : {
      "attachments" : 0,
      "steps" : 0
    },
    "status" : "PASSED",
    "attachments" : [ ],
    "steps" : [ ]
  }, {
    "name" : "waitForLoaderIsOff",
    "title" : "Wait until loader disappears",
    "time" : {
      "start" : 1521067023621,
      "stop" : 1521067025350,
      "duration" : 1729
    },
    "summary" : {
      "attachments" : 0,
      "steps" : 0
    },
    "status" : "PASSED",
    "attachments" : [ ],
    "steps" : [ ]
  }, {
    "name" : "clickOnAuthorByName[# Браузерная]",
    "title" : "Click on author by name: # Браузерная",
    "time" : {
      "start" : 1521067025353,
      "stop" : 1521067025685,
      "duration" : 332
    },
    "summary" : {
      "attachments" : 0,
      "steps" : 0
    },
    "status" : "PASSED",
    "attachments" : [ ],
    "steps" : [ ]
  }, {
    "name" : "waitForLoaderIsOff",
    "title" : "Wait until loader disappears",
    "time" : {
      "start" : 1521067025686,
      "stop" : 1521067026137,
      "duration" : 451
    },
    "summary" : {
      "attachments" : 0,
      "steps" : 0
    },
    "status" : "PASSED",
    "attachments" : [ ],
    "steps" : [ ]
  }, {
    "name" : "getCountOfArticles",
    "title" : "Get count of articles",
    "time" : {
      "start" : 1521067026138,
      "stop" : 1521067026186,
      "duration" : 48
    },
    "summary" : {
      "attachments" : 0,
      "steps" : 0
    },
    "status" : "PASSED",
    "attachments" : [ ],
    "steps" : [ ]
  }, {
    "name" : "getArticleAuthorNameByIndex[0]",
    "title" : "Get articles author name by index",
    "time" : {
      "start" : 1521067026187,
      "stop" : 1521067026262,
      "duration" : 75
    },
    "summary" : {
      "attachments" : 0,
      "steps" : 0
    },
    "status" : "PASSED",
    "attachments" : [ ],
    "steps" : [ ]
  }, {
    "name" : "getCountOfArticles",
    "title" : "Get count of articles",
    "time" : {
      "start" : 1521067026263,
      "stop" : 1521067026287,
      "duration" : 24
    },
    "summary" : {
      "attachments" : 0,
      "steps" : 0
    },
    "status" : "PASSED",
    "attachments" : [ ],
    "steps" : [ ]
  }, {
    "name" : "getArticleAuthorNameByIndex[2]",
    "title" : "Get articles author name by index",
    "time" : {
      "start" : 1521067026288,
      "stop" : 1521067026346,
      "duration" : 58
    },
    "summary" : {
      "attachments" : 0,
      "steps" : 0
    },
    "status" : "PASSED",
    "attachments" : [ ],
    "steps" : [ ]
  }, {
    "name" : "getCountOfArticles",
    "title" : "Get count of articles",
    "time" : {
      "start" : 1521067026348,
      "stop" : 1521067026371,
      "duration" : 23
    },
    "summary" : {
      "attachments" : 0,
      "steps" : 0
    },
    "status" : "PASSED",
    "attachments" : [ ],
    "steps" : [ ]
  } ],
  "attachments" : [ ],
  "issues" : [ ],
  "labels" : [ {
    "name" : "story",
    "value" : "Google Chrome"
  }, {
    "name" : "feature",
    "value" : "Desktop check author filter (Task 3)"
  }, {
    "name" : "framework",
    "value" : "TestNG"
  }, {
    "name" : "suite-title",
    "value" : "TestTask : reportingTests"
  }, {
    "name" : "language",
    "value" : "JAVA"
  }, {
    "name" : "thread",
    "value" : "10320@ALEX.main(1)"
  }, {
    "name" : "suite-name",
    "value" : "TestTask : reportingTests"
  }, {
    "name" : "host",
    "value" : "ALEX"
  } ],
  "parameters" : [ ]
}