{
  "uid" : "9522b3e57cf1a947",
  "name" : "verifyPageViewsTracking[https://ruhighload.com/%d0%9a%d0%b0%d0%ba+%d1%83%d0%b7%d0%bd%d0%b0%d1%82%d1%8c+%d0%b2%d0%b5%d1%80%d1%81%d0%b8%d1%8e+mysql]",
  "title" : "Verify page views tracking [https://ruhighload.com/%d0%9a%d0%b0%d0%ba+%d1%83%d0%b7%d0%bd%d0%b0%d1%82%d1%8c+%d0%b2%d0%b5%d1%80%d1%81%d0%b8%d1%8e+mysql]",
  "time" : {
    "start" : 1521067176023,
    "stop" : 1521067176364,
    "duration" : 341
  },
  "summary" : {
    "attachments" : 0,
    "steps" : 2
  },
  "failure" : null,
  "description" : null,
  "severity" : "NORMAL",
  "status" : "PASSED",
  "testId" : null,
  "suite" : {
    "uid" : "3d2fbddd6c79e0ae",
    "name" : "TestTask : ruHighloadTestsDataTracking",
    "title" : "TestTask : ruHighloadTestsDataTracking"
  },
  "steps" : [ {
    "name" : "get[https://ruhighload.com/%d0%9a%d0%b0%d0%ba+%d1%83%d0%b7%d0%bd%d0%b0%d1%82%d1%8c+%d0%b2%d0%b5%d1%80%d1%81%d0%b8%d1%8e+...]",
    "title" : "Get URL: https://ruhighload.com/%d0%9a%d0%b0%d0%ba+%d1%83%d0%b7%d0%bd%d0%b0%d1%82%d1%8c+%d0%b2%d0%b5%d1%80%d1%81%d0%b8%d...",
    "time" : {
      "start" : 1521067176024,
      "stop" : 1521067176321,
      "duration" : 297
    },
    "summary" : {
      "attachments" : 0,
      "steps" : 0
    },
    "status" : "PASSED",
    "attachments" : [ ],
    "steps" : [ ]
  }, {
    "name" : "AssertPerformanceLogEntry[[{\"message\":{\"method\":\"Network.responseReceived\",\"params\":{\"frameId\":\"(C5270885E9D8CB9A4C7F426...]",
    "title" : "Assert performance log contains: GET https://tt.onthe.io/?k[]=28:pageviews",
    "time" : {
      "start" : 1521067176354,
      "stop" : 1521067176364,
      "duration" : 10
    },
    "summary" : {
      "attachments" : 0,
      "steps" : 0
    },
    "status" : "PASSED",
    "attachments" : [ ],
    "steps" : [ ]
  } ],
  "attachments" : [ ],
  "issues" : [ ],
  "labels" : [ {
    "name" : "suite-name",
    "value" : "TestTask : ruHighloadTestsDataTracking"
  }, {
    "name" : "language",
    "value" : "JAVA"
  }, {
    "name" : "framework",
    "value" : "TestNG"
  }, {
    "name" : "suite-title",
    "value" : "TestTask : ruHighloadTestsDataTracking"
  }, {
    "name" : "host",
    "value" : "ALEX"
  }, {
    "name" : "feature",
    "value" : "Desktop check of data tracking (Task 5)"
  }, {
    "name" : "thread",
    "value" : "10320@ALEX.main(1)"
  }, {
    "name" : "story",
    "value" : "Google Chrome"
  } ],
  "parameters" : [ ]
}