{
  "uid" : "a0c8881e296b6772",
  "name" : "verifyAuthorsOption",
  "title" : "Verify authors option",
  "time" : {
    "start" : 1521066932270,
    "stop" : 1521066933098,
    "duration" : 828
  },
  "summary" : {
    "attachments" : 0,
    "steps" : 2
  },
  "failure" : null,
  "description" : null,
  "severity" : "NORMAL",
  "status" : "PASSED",
  "testId" : null,
  "suite" : {
    "uid" : "ff2847323540eebb",
    "name" : "TestTask : reportingTests",
    "title" : "TestTask : reportingTests"
  },
  "steps" : [ {
    "name" : "clickAuthors",
    "title" : "Left menu bar: Click on Authors option",
    "time" : {
      "start" : 1521066932272,
      "stop" : 1521066933028,
      "duration" : 756
    },
    "summary" : {
      "attachments" : 0,
      "steps" : 0
    },
    "status" : "PASSED",
    "attachments" : [ ],
    "steps" : [ ]
  }, {
    "name" : "getPageTitle",
    "title" : "Get page title",
    "time" : {
      "start" : 1521066933057,
      "stop" : 1521066933097,
      "duration" : 40
    },
    "summary" : {
      "attachments" : 0,
      "steps" : 0
    },
    "status" : "PASSED",
    "attachments" : [ ],
    "steps" : [ ]
  } ],
  "attachments" : [ ],
  "issues" : [ ],
  "labels" : [ {
    "name" : "suite-title",
    "value" : "TestTask : reportingTests"
  }, {
    "name" : "thread",
    "value" : "10320@ALEX.main(1)"
  }, {
    "name" : "host",
    "value" : "ALEX"
  }, {
    "name" : "feature",
    "value" : "Desktop check left menu bar (Task 1)"
  }, {
    "name" : "framework",
    "value" : "TestNG"
  }, {
    "name" : "story",
    "value" : "Google Chrome"
  }, {
    "name" : "language",
    "value" : "JAVA"
  }, {
    "name" : "suite-name",
    "value" : "TestTask : reportingTests"
  } ],
  "parameters" : [ ]
}