{
  "uid" : "aa7637afcd04b449",
  "name" : "verifyArticlesOption",
  "title" : "Verify articles option",
  "time" : {
    "start" : 1521066929497,
    "stop" : 1521066932256,
    "duration" : 2759
  },
  "summary" : {
    "attachments" : 0,
    "steps" : 9
  },
  "failure" : null,
  "description" : null,
  "severity" : "NORMAL",
  "status" : "PASSED",
  "testId" : null,
  "suite" : {
    "uid" : "ff2847323540eebb",
    "name" : "TestTask : reportingTests",
    "title" : "TestTask : reportingTests"
  },
  "steps" : [ {
    "name" : "getDriver",
    "title" : "Start CHROME",
    "time" : {
      "start" : 1521066907356,
      "stop" : 1521066913286,
      "duration" : 5930
    },
    "summary" : {
      "attachments" : 0,
      "steps" : 0
    },
    "status" : "PASSED",
    "attachments" : [ ],
    "steps" : [ ]
  }, {
    "name" : "get[https://onthe.io/auth]",
    "title" : "Get URL: https://onthe.io/auth",
    "time" : {
      "start" : 1521066913322,
      "stop" : 1521066914610,
      "duration" : 1288
    },
    "summary" : {
      "attachments" : 0,
      "steps" : 0
    },
    "status" : "PASSED",
    "attachments" : [ ],
    "steps" : [ ]
  }, {
    "name" : "typeEmail[gexibawer@one2mail.info]",
    "title" : "Login page: Type email - gexibawer@one2mail.info",
    "time" : {
      "start" : 1521066914623,
      "stop" : 1521066915038,
      "duration" : 415
    },
    "summary" : {
      "attachments" : 0,
      "steps" : 0
    },
    "status" : "PASSED",
    "attachments" : [ ],
    "steps" : [ ]
  }, {
    "name" : "typePassword[q]",
    "title" : "Login page: Type password - q",
    "time" : {
      "start" : 1521066915041,
      "stop" : 1521066915218,
      "duration" : 177
    },
    "summary" : {
      "attachments" : 0,
      "steps" : 0
    },
    "status" : "PASSED",
    "attachments" : [ ],
    "steps" : [ ]
  }, {
    "name" : "clickLogin",
    "title" : "Login page: Click Login button",
    "time" : {
      "start" : 1521066915221,
      "stop" : 1521066915389,
      "duration" : 168
    },
    "summary" : {
      "attachments" : 0,
      "steps" : 0
    },
    "status" : "PASSED",
    "attachments" : [ ],
    "steps" : [ ]
  }, {
    "name" : "clickProjectButtonByIndex[0]",
    "title" : "Click projectButton by index 0",
    "time" : {
      "start" : 1521066922699,
      "stop" : 1521066926425,
      "duration" : 3726
    },
    "summary" : {
      "attachments" : 0,
      "steps" : 0
    },
    "status" : "PASSED",
    "attachments" : [ ],
    "steps" : [ ]
  }, {
    "name" : "refreshPage",
    "title" : "Refresh page",
    "time" : {
      "start" : 1521066926479,
      "stop" : 1521066929402,
      "duration" : 2923
    },
    "summary" : {
      "attachments" : 0,
      "steps" : 0
    },
    "status" : "PASSED",
    "attachments" : [ ],
    "steps" : [ ]
  }, {
    "name" : "clickArticles",
    "title" : "Left menu bar: Click on Articles option",
    "time" : {
      "start" : 1521066929501,
      "stop" : 1521066931247,
      "duration" : 1746
    },
    "summary" : {
      "attachments" : 0,
      "steps" : 0
    },
    "status" : "PASSED",
    "attachments" : [ ],
    "steps" : [ ]
  }, {
    "name" : "getPageTitle",
    "title" : "Get page title",
    "time" : {
      "start" : 1521066931288,
      "stop" : 1521066932244,
      "duration" : 956
    },
    "summary" : {
      "attachments" : 0,
      "steps" : 0
    },
    "status" : "PASSED",
    "attachments" : [ ],
    "steps" : [ ]
  } ],
  "attachments" : [ ],
  "issues" : [ ],
  "labels" : [ {
    "name" : "story",
    "value" : "Google Chrome"
  }, {
    "name" : "suite-name",
    "value" : "TestTask : reportingTests"
  }, {
    "name" : "suite-title",
    "value" : "TestTask : reportingTests"
  }, {
    "name" : "framework",
    "value" : "TestNG"
  }, {
    "name" : "host",
    "value" : "ALEX"
  }, {
    "name" : "thread",
    "value" : "10320@ALEX.main(1)"
  }, {
    "name" : "feature",
    "value" : "Desktop check left menu bar (Task 1)"
  }, {
    "name" : "language",
    "value" : "JAVA"
  } ],
  "parameters" : [ ]
}