{
  "uid" : "aa9d8b3d54a25ecd",
  "name" : "verifyTimeFramesSwitch[YESTERDAY]",
  "title" : "Verify time frames switch [YESTERDAY]",
  "time" : {
    "start" : 1521066965706,
    "stop" : 1521066967323,
    "duration" : 1617
  },
  "summary" : {
    "attachments" : 0,
    "steps" : 3
  },
  "failure" : null,
  "description" : null,
  "severity" : "NORMAL",
  "status" : "PASSED",
  "testId" : null,
  "suite" : {
    "uid" : "ff2847323540eebb",
    "name" : "TestTask : reportingTests",
    "title" : "TestTask : reportingTests"
  },
  "steps" : [ {
    "name" : "chooseTimeFrame[YESTERDAY]",
    "title" : "Choose time frame - YESTERDAY",
    "time" : {
      "start" : 1521066965708,
      "stop" : 1521066966181,
      "duration" : 473
    },
    "summary" : {
      "attachments" : 0,
      "steps" : 0
    },
    "status" : "PASSED",
    "attachments" : [ ],
    "steps" : [ ]
  }, {
    "name" : "waitForLoaderIsOff",
    "title" : "Wait until loader disappears",
    "time" : {
      "start" : 1521066966183,
      "stop" : 1521066967255,
      "duration" : 1072
    },
    "summary" : {
      "attachments" : 0,
      "steps" : 0
    },
    "status" : "PASSED",
    "attachments" : [ ],
    "steps" : [ ]
  }, {
    "name" : "getActiveTimeFrame",
    "title" : "Get active time frame",
    "time" : {
      "start" : 1521066967258,
      "stop" : 1521066967323,
      "duration" : 65
    },
    "summary" : {
      "attachments" : 0,
      "steps" : 0
    },
    "status" : "PASSED",
    "attachments" : [ ],
    "steps" : [ ]
  } ],
  "attachments" : [ ],
  "issues" : [ ],
  "labels" : [ {
    "name" : "suite-name",
    "value" : "TestTask : reportingTests"
  }, {
    "name" : "host",
    "value" : "ALEX"
  }, {
    "name" : "story",
    "value" : "Google Chrome"
  }, {
    "name" : "framework",
    "value" : "TestNG"
  }, {
    "name" : "thread",
    "value" : "10320@ALEX.main(1)"
  }, {
    "name" : "suite-title",
    "value" : "TestTask : reportingTests"
  }, {
    "name" : "language",
    "value" : "JAVA"
  }, {
    "name" : "feature",
    "value" : "Desktop check of time frames switching (Task 2)"
  } ],
  "parameters" : [ ]
}