{
  "uid" : "bcf9f562fb9c48cf",
  "name" : "verifyHomeOption",
  "title" : "Verify home option",
  "time" : {
    "start" : 1521066933111,
    "stop" : 1521066933529,
    "duration" : 418
  },
  "summary" : {
    "attachments" : 0,
    "steps" : 2
  },
  "failure" : null,
  "description" : null,
  "severity" : "NORMAL",
  "status" : "PASSED",
  "testId" : null,
  "suite" : {
    "uid" : "ff2847323540eebb",
    "name" : "TestTask : reportingTests",
    "title" : "TestTask : reportingTests"
  },
  "steps" : [ {
    "name" : "clickHome",
    "title" : "Left menu bar: Click on Home option",
    "time" : {
      "start" : 1521066933113,
      "stop" : 1521066933485,
      "duration" : 372
    },
    "summary" : {
      "attachments" : 0,
      "steps" : 0
    },
    "status" : "PASSED",
    "attachments" : [ ],
    "steps" : [ ]
  }, {
    "name" : "getPageTitle",
    "title" : "Get page title",
    "time" : {
      "start" : 1521066933497,
      "stop" : 1521066933528,
      "duration" : 31
    },
    "summary" : {
      "attachments" : 0,
      "steps" : 0
    },
    "status" : "PASSED",
    "attachments" : [ ],
    "steps" : [ ]
  } ],
  "attachments" : [ ],
  "issues" : [ ],
  "labels" : [ {
    "name" : "feature",
    "value" : "Desktop check left menu bar (Task 1)"
  }, {
    "name" : "framework",
    "value" : "TestNG"
  }, {
    "name" : "suite-title",
    "value" : "TestTask : reportingTests"
  }, {
    "name" : "thread",
    "value" : "10320@ALEX.main(1)"
  }, {
    "name" : "language",
    "value" : "JAVA"
  }, {
    "name" : "suite-name",
    "value" : "TestTask : reportingTests"
  }, {
    "name" : "story",
    "value" : "Google Chrome"
  }, {
    "name" : "host",
    "value" : "ALEX"
  } ],
  "parameters" : [ ]
}