{
  "uid" : "c36fb8cff3edbc80",
  "name" : "verifySortingByMetricsFromWorst[RECIRCULATION]",
  "title" : "Verify sorting by metrics from worst [RECIRCULATION]",
  "time" : {
    "start" : 1521067151537,
    "stop" : 1521067164195,
    "duration" : 12658
  },
  "summary" : {
    "attachments" : 0,
    "steps" : 132
  },
  "failure" : null,
  "description" : null,
  "severity" : "NORMAL",
  "status" : "PASSED",
  "testId" : null,
  "suite" : {
    "uid" : "ff2847323540eebb",
    "name" : "TestTask : reportingTests",
    "title" : "TestTask : reportingTests"
  },
  "steps" : [ {
    "name" : "clickBack",
    "title" : "Click Back",
    "time" : {
      "start" : 1521067148615,
      "stop" : 1521067149072,
      "duration" : 457
    },
    "summary" : {
      "attachments" : 0,
      "steps" : 0
    },
    "status" : "PASSED",
    "attachments" : [ ],
    "steps" : [ ]
  }, {
    "name" : "waitForLoaderIsOff",
    "title" : "Wait until loader disappears",
    "time" : {
      "start" : 1521067149073,
      "stop" : 1521067151536,
      "duration" : 2463
    },
    "summary" : {
      "attachments" : 0,
      "steps" : 0
    },
    "status" : "PASSED",
    "attachments" : [ ],
    "steps" : [ ]
  }, {
    "name" : "setSortingDirection[false]",
    "title" : "Set sorting direction from best to worst: false",
    "time" : {
      "start" : 1521067151538,
      "stop" : 1521067151565,
      "duration" : 27
    },
    "summary" : {
      "attachments" : 0,
      "steps" : 0
    },
    "status" : "PASSED",
    "attachments" : [ ],
    "steps" : [ ]
  }, {
    "name" : "waitForLoaderIsOff",
    "title" : "Wait until loader disappears",
    "time" : {
      "start" : 1521067151566,
      "stop" : 1521067153638,
      "duration" : 2072
    },
    "summary" : {
      "attachments" : 0,
      "steps" : 0
    },
    "status" : "PASSED",
    "attachments" : [ ],
    "steps" : [ ]
  }, {
    "name" : "sortByMetric[RECIRCULATION]",
    "title" : "Select metric to sort: RECIRCULATION",
    "time" : {
      "start" : 1521067153639,
      "stop" : 1521067154149,
      "duration" : 510
    },
    "summary" : {
      "attachments" : 0,
      "steps" : 0
    },
    "status" : "PASSED",
    "attachments" : [ ],
    "steps" : [ ]
  }, {
    "name" : "waitForLoaderIsOff",
    "title" : "Wait until loader disappears",
    "time" : {
      "start" : 1521067154149,
      "stop" : 1521067155305,
      "duration" : 1156
    },
    "summary" : {
      "attachments" : 0,
      "steps" : 0
    },
    "status" : "PASSED",
    "attachments" : [ ],
    "steps" : [ ]
  }, {
    "name" : "getAllArticlesFromPage",
    "title" : "Get all articles metrics...",
    "time" : {
      "start" : 1521067155306,
      "stop" : 1521067159075,
      "duration" : 3769
    },
    "summary" : {
      "attachments" : 0,
      "steps" : 60
    },
    "status" : "PASSED",
    "attachments" : [ ],
    "steps" : [ {
      "name" : "getPageViewsValueByIndex[0]",
      "title" : "Get page views metric from row 0",
      "time" : {
        "start" : 1521067155337,
        "stop" : 1521067155413,
        "duration" : 76
      },
      "summary" : {
        "attachments" : 0,
        "steps" : 0
      },
      "status" : "PASSED",
      "attachments" : [ ],
      "steps" : [ ]
    }, {
      "name" : "getAverageTimeValueByIndex[0]",
      "title" : "Get average time metric from row 0",
      "time" : {
        "start" : 1521067155414,
        "stop" : 1521067155462,
        "duration" : 48
      },
      "summary" : {
        "attachments" : 0,
        "steps" : 0
      },
      "status" : "PASSED",
      "attachments" : [ ],
      "steps" : [ ]
    }, {
      "name" : "getFinishedReadingValueByIndex[0]",
      "title" : "Get finished reading metric from row 0",
      "time" : {
        "start" : 1521067155464,
        "stop" : 1521067155533,
        "duration" : 69
      },
      "summary" : {
        "attachments" : 0,
        "steps" : 0
      },
      "status" : "PASSED",
      "attachments" : [ ],
      "steps" : [ ]
    }, {
      "name" : "getRecirculationValueByIndex[0]",
      "title" : "Get recirculation metric from row 0",
      "time" : {
        "start" : 1521067155534,
        "stop" : 1521067155608,
        "duration" : 74
      },
      "summary" : {
        "attachments" : 0,
        "steps" : 0
      },
      "status" : "PASSED",
      "attachments" : [ ],
      "steps" : [ ]
    }, {
      "name" : "getPageViewsValueByIndex[1]",
      "title" : "Get page views metric from row 1",
      "time" : {
        "start" : 1521067155610,
        "stop" : 1521067155669,
        "duration" : 59
      },
      "summary" : {
        "attachments" : 0,
        "steps" : 0
      },
      "status" : "PASSED",
      "attachments" : [ ],
      "steps" : [ ]
    }, {
      "name" : "getAverageTimeValueByIndex[1]",
      "title" : "Get average time metric from row 1",
      "time" : {
        "start" : 1521067155670,
        "stop" : 1521067155738,
        "duration" : 68
      },
      "summary" : {
        "attachments" : 0,
        "steps" : 0
      },
      "status" : "PASSED",
      "attachments" : [ ],
      "steps" : [ ]
    }, {
      "name" : "getFinishedReadingValueByIndex[1]",
      "title" : "Get finished reading metric from row 1",
      "time" : {
        "start" : 1521067155740,
        "stop" : 1521067155818,
        "duration" : 78
      },
      "summary" : {
        "attachments" : 0,
        "steps" : 0
      },
      "status" : "PASSED",
      "attachments" : [ ],
      "steps" : [ ]
    }, {
      "name" : "getRecirculationValueByIndex[1]",
      "title" : "Get recirculation metric from row 1",
      "time" : {
        "start" : 1521067155819,
        "stop" : 1521067155881,
        "duration" : 62
      },
      "summary" : {
        "attachments" : 0,
        "steps" : 0
      },
      "status" : "PASSED",
      "attachments" : [ ],
      "steps" : [ ]
    }, {
      "name" : "getPageViewsValueByIndex[2]",
      "title" : "Get page views metric from row 2",
      "time" : {
        "start" : 1521067155883,
        "stop" : 1521067155952,
        "duration" : 69
      },
      "summary" : {
        "attachments" : 0,
        "steps" : 0
      },
      "status" : "PASSED",
      "attachments" : [ ],
      "steps" : [ ]
    }, {
      "name" : "getAverageTimeValueByIndex[2]",
      "title" : "Get average time metric from row 2",
      "time" : {
        "start" : 1521067155953,
        "stop" : 1521067156014,
        "duration" : 61
      },
      "summary" : {
        "attachments" : 0,
        "steps" : 0
      },
      "status" : "PASSED",
      "attachments" : [ ],
      "steps" : [ ]
    }, {
      "name" : "getFinishedReadingValueByIndex[2]",
      "title" : "Get finished reading metric from row 2",
      "time" : {
        "start" : 1521067156015,
        "stop" : 1521067156074,
        "duration" : 59
      },
      "summary" : {
        "attachments" : 0,
        "steps" : 0
      },
      "status" : "PASSED",
      "attachments" : [ ],
      "steps" : [ ]
    }, {
      "name" : "getRecirculationValueByIndex[2]",
      "title" : "Get recirculation metric from row 2",
      "time" : {
        "start" : 1521067156075,
        "stop" : 1521067156138,
        "duration" : 63
      },
      "summary" : {
        "attachments" : 0,
        "steps" : 0
      },
      "status" : "PASSED",
      "attachments" : [ ],
      "steps" : [ ]
    }, {
      "name" : "getPageViewsValueByIndex[3]",
      "title" : "Get page views metric from row 3",
      "time" : {
        "start" : 1521067156140,
        "stop" : 1521067156201,
        "duration" : 61
      },
      "summary" : {
        "attachments" : 0,
        "steps" : 0
      },
      "status" : "PASSED",
      "attachments" : [ ],
      "steps" : [ ]
    }, {
      "name" : "getAverageTimeValueByIndex[3]",
      "title" : "Get average time metric from row 3",
      "time" : {
        "start" : 1521067156203,
        "stop" : 1521067156275,
        "duration" : 72
      },
      "summary" : {
        "attachments" : 0,
        "steps" : 0
      },
      "status" : "PASSED",
      "attachments" : [ ],
      "steps" : [ ]
    }, {
      "name" : "getFinishedReadingValueByIndex[3]",
      "title" : "Get finished reading metric from row 3",
      "time" : {
        "start" : 1521067156276,
        "stop" : 1521067156357,
        "duration" : 81
      },
      "summary" : {
        "attachments" : 0,
        "steps" : 0
      },
      "status" : "PASSED",
      "attachments" : [ ],
      "steps" : [ ]
    }, {
      "name" : "getRecirculationValueByIndex[3]",
      "title" : "Get recirculation metric from row 3",
      "time" : {
        "start" : 1521067156358,
        "stop" : 1521067156451,
        "duration" : 93
      },
      "summary" : {
        "attachments" : 0,
        "steps" : 0
      },
      "status" : "PASSED",
      "attachments" : [ ],
      "steps" : [ ]
    }, {
      "name" : "getPageViewsValueByIndex[4]",
      "title" : "Get page views metric from row 4",
      "time" : {
        "start" : 1521067156451,
        "stop" : 1521067156550,
        "duration" : 99
      },
      "summary" : {
        "attachments" : 0,
        "steps" : 0
      },
      "status" : "PASSED",
      "attachments" : [ ],
      "steps" : [ ]
    }, {
      "name" : "getAverageTimeValueByIndex[4]",
      "title" : "Get average time metric from row 4",
      "time" : {
        "start" : 1521067156551,
        "stop" : 1521067156624,
        "duration" : 73
      },
      "summary" : {
        "attachments" : 0,
        "steps" : 0
      },
      "status" : "PASSED",
      "attachments" : [ ],
      "steps" : [ ]
    }, {
      "name" : "getFinishedReadingValueByIndex[4]",
      "title" : "Get finished reading metric from row 4",
      "time" : {
        "start" : 1521067156624,
        "stop" : 1521067156680,
        "duration" : 56
      },
      "summary" : {
        "attachments" : 0,
        "steps" : 0
      },
      "status" : "PASSED",
      "attachments" : [ ],
      "steps" : [ ]
    }, {
      "name" : "getRecirculationValueByIndex[4]",
      "title" : "Get recirculation metric from row 4",
      "time" : {
        "start" : 1521067156680,
        "stop" : 1521067156732,
        "duration" : 52
      },
      "summary" : {
        "attachments" : 0,
        "steps" : 0
      },
      "status" : "PASSED",
      "attachments" : [ ],
      "steps" : [ ]
    }, {
      "name" : "getPageViewsValueByIndex[5]",
      "title" : "Get page views metric from row 5",
      "time" : {
        "start" : 1521067156733,
        "stop" : 1521067156780,
        "duration" : 47
      },
      "summary" : {
        "attachments" : 0,
        "steps" : 0
      },
      "status" : "PASSED",
      "attachments" : [ ],
      "steps" : [ ]
    }, {
      "name" : "getAverageTimeValueByIndex[5]",
      "title" : "Get average time metric from row 5",
      "time" : {
        "start" : 1521067156781,
        "stop" : 1521067156838,
        "duration" : 57
      },
      "summary" : {
        "attachments" : 0,
        "steps" : 0
      },
      "status" : "PASSED",
      "attachments" : [ ],
      "steps" : [ ]
    }, {
      "name" : "getFinishedReadingValueByIndex[5]",
      "title" : "Get finished reading metric from row 5",
      "time" : {
        "start" : 1521067156839,
        "stop" : 1521067156913,
        "duration" : 74
      },
      "summary" : {
        "attachments" : 0,
        "steps" : 0
      },
      "status" : "PASSED",
      "attachments" : [ ],
      "steps" : [ ]
    }, {
      "name" : "getRecirculationValueByIndex[5]",
      "title" : "Get recirculation metric from row 5",
      "time" : {
        "start" : 1521067156915,
        "stop" : 1521067156990,
        "duration" : 75
      },
      "summary" : {
        "attachments" : 0,
        "steps" : 0
      },
      "status" : "PASSED",
      "attachments" : [ ],
      "steps" : [ ]
    }, {
      "name" : "getPageViewsValueByIndex[6]",
      "title" : "Get page views metric from row 6",
      "time" : {
        "start" : 1521067156992,
        "stop" : 1521067157044,
        "duration" : 52
      },
      "summary" : {
        "attachments" : 0,
        "steps" : 0
      },
      "status" : "PASSED",
      "attachments" : [ ],
      "steps" : [ ]
    }, {
      "name" : "getAverageTimeValueByIndex[6]",
      "title" : "Get average time metric from row 6",
      "time" : {
        "start" : 1521067157045,
        "stop" : 1521067157090,
        "duration" : 45
      },
      "summary" : {
        "attachments" : 0,
        "steps" : 0
      },
      "status" : "PASSED",
      "attachments" : [ ],
      "steps" : [ ]
    }, {
      "name" : "getFinishedReadingValueByIndex[6]",
      "title" : "Get finished reading metric from row 6",
      "time" : {
        "start" : 1521067157091,
        "stop" : 1521067157156,
        "duration" : 65
      },
      "summary" : {
        "attachments" : 0,
        "steps" : 0
      },
      "status" : "PASSED",
      "attachments" : [ ],
      "steps" : [ ]
    }, {
      "name" : "getRecirculationValueByIndex[6]",
      "title" : "Get recirculation metric from row 6",
      "time" : {
        "start" : 1521067157157,
        "stop" : 1521067157237,
        "duration" : 80
      },
      "summary" : {
        "attachments" : 0,
        "steps" : 0
      },
      "status" : "PASSED",
      "attachments" : [ ],
      "steps" : [ ]
    }, {
      "name" : "getPageViewsValueByIndex[7]",
      "title" : "Get page views metric from row 7",
      "time" : {
        "start" : 1521067157238,
        "stop" : 1521067157288,
        "duration" : 50
      },
      "summary" : {
        "attachments" : 0,
        "steps" : 0
      },
      "status" : "PASSED",
      "attachments" : [ ],
      "steps" : [ ]
    }, {
      "name" : "getAverageTimeValueByIndex[7]",
      "title" : "Get average time metric from row 7",
      "time" : {
        "start" : 1521067157288,
        "stop" : 1521067157337,
        "duration" : 49
      },
      "summary" : {
        "attachments" : 0,
        "steps" : 0
      },
      "status" : "PASSED",
      "attachments" : [ ],
      "steps" : [ ]
    }, {
      "name" : "getFinishedReadingValueByIndex[7]",
      "title" : "Get finished reading metric from row 7",
      "time" : {
        "start" : 1521067157338,
        "stop" : 1521067157392,
        "duration" : 54
      },
      "summary" : {
        "attachments" : 0,
        "steps" : 0
      },
      "status" : "PASSED",
      "attachments" : [ ],
      "steps" : [ ]
    }, {
      "name" : "getRecirculationValueByIndex[7]",
      "title" : "Get recirculation metric from row 7",
      "time" : {
        "start" : 1521067157393,
        "stop" : 1521067157449,
        "duration" : 56
      },
      "summary" : {
        "attachments" : 0,
        "steps" : 0
      },
      "status" : "PASSED",
      "attachments" : [ ],
      "steps" : [ ]
    }, {
      "name" : "getPageViewsValueByIndex[8]",
      "title" : "Get page views metric from row 8",
      "time" : {
        "start" : 1521067157450,
        "stop" : 1521067157498,
        "duration" : 48
      },
      "summary" : {
        "attachments" : 0,
        "steps" : 0
      },
      "status" : "PASSED",
      "attachments" : [ ],
      "steps" : [ ]
    }, {
      "name" : "getAverageTimeValueByIndex[8]",
      "title" : "Get average time metric from row 8",
      "time" : {
        "start" : 1521067157499,
        "stop" : 1521067157546,
        "duration" : 47
      },
      "summary" : {
        "attachments" : 0,
        "steps" : 0
      },
      "status" : "PASSED",
      "attachments" : [ ],
      "steps" : [ ]
    }, {
      "name" : "getFinishedReadingValueByIndex[8]",
      "title" : "Get finished reading metric from row 8",
      "time" : {
        "start" : 1521067157547,
        "stop" : 1521067157598,
        "duration" : 51
      },
      "summary" : {
        "attachments" : 0,
        "steps" : 0
      },
      "status" : "PASSED",
      "attachments" : [ ],
      "steps" : [ ]
    }, {
      "name" : "getRecirculationValueByIndex[8]",
      "title" : "Get recirculation metric from row 8",
      "time" : {
        "start" : 1521067157599,
        "stop" : 1521067157651,
        "duration" : 52
      },
      "summary" : {
        "attachments" : 0,
        "steps" : 0
      },
      "status" : "PASSED",
      "attachments" : [ ],
      "steps" : [ ]
    }, {
      "name" : "getPageViewsValueByIndex[9]",
      "title" : "Get page views metric from row 9",
      "time" : {
        "start" : 1521067157652,
        "stop" : 1521067157703,
        "duration" : 51
      },
      "summary" : {
        "attachments" : 0,
        "steps" : 0
      },
      "status" : "PASSED",
      "attachments" : [ ],
      "steps" : [ ]
    }, {
      "name" : "getAverageTimeValueByIndex[9]",
      "title" : "Get average time metric from row 9",
      "time" : {
        "start" : 1521067157704,
        "stop" : 1521067157771,
        "duration" : 67
      },
      "summary" : {
        "attachments" : 0,
        "steps" : 0
      },
      "status" : "PASSED",
      "attachments" : [ ],
      "steps" : [ ]
    }, {
      "name" : "getFinishedReadingValueByIndex[9]",
      "title" : "Get finished reading metric from row 9",
      "time" : {
        "start" : 1521067157772,
        "stop" : 1521067157824,
        "duration" : 52
      },
      "summary" : {
        "attachments" : 0,
        "steps" : 0
      },
      "status" : "PASSED",
      "attachments" : [ ],
      "steps" : [ ]
    }, {
      "name" : "getRecirculationValueByIndex[9]",
      "title" : "Get recirculation metric from row 9",
      "time" : {
        "start" : 1521067157825,
        "stop" : 1521067157891,
        "duration" : 66
      },
      "summary" : {
        "attachments" : 0,
        "steps" : 0
      },
      "status" : "PASSED",
      "attachments" : [ ],
      "steps" : [ ]
    }, {
      "name" : "getPageViewsValueByIndex[10]",
      "title" : "Get page views metric from row 10",
      "time" : {
        "start" : 1521067157892,
        "stop" : 1521067157957,
        "duration" : 65
      },
      "summary" : {
        "attachments" : 0,
        "steps" : 0
      },
      "status" : "PASSED",
      "attachments" : [ ],
      "steps" : [ ]
    }, {
      "name" : "getAverageTimeValueByIndex[10]",
      "title" : "Get average time metric from row 10",
      "time" : {
        "start" : 1521067157958,
        "stop" : 1521067158023,
        "duration" : 65
      },
      "summary" : {
        "attachments" : 0,
        "steps" : 0
      },
      "status" : "PASSED",
      "attachments" : [ ],
      "steps" : [ ]
    }, {
      "name" : "getFinishedReadingValueByIndex[10]",
      "title" : "Get finished reading metric from row 10",
      "time" : {
        "start" : 1521067158024,
        "stop" : 1521067158089,
        "duration" : 65
      },
      "summary" : {
        "attachments" : 0,
        "steps" : 0
      },
      "status" : "PASSED",
      "attachments" : [ ],
      "steps" : [ ]
    }, {
      "name" : "getRecirculationValueByIndex[10]",
      "title" : "Get recirculation metric from row 10",
      "time" : {
        "start" : 1521067158090,
        "stop" : 1521067158158,
        "duration" : 68
      },
      "summary" : {
        "attachments" : 0,
        "steps" : 0
      },
      "status" : "PASSED",
      "attachments" : [ ],
      "steps" : [ ]
    }, {
      "name" : "getPageViewsValueByIndex[11]",
      "title" : "Get page views metric from row 11",
      "time" : {
        "start" : 1521067158159,
        "stop" : 1521067158224,
        "duration" : 65
      },
      "summary" : {
        "attachments" : 0,
        "steps" : 0
      },
      "status" : "PASSED",
      "attachments" : [ ],
      "steps" : [ ]
    }, {
      "name" : "getAverageTimeValueByIndex[11]",
      "title" : "Get average time metric from row 11",
      "time" : {
        "start" : 1521067158225,
        "stop" : 1521067158284,
        "duration" : 59
      },
      "summary" : {
        "attachments" : 0,
        "steps" : 0
      },
      "status" : "PASSED",
      "attachments" : [ ],
      "steps" : [ ]
    }, {
      "name" : "getFinishedReadingValueByIndex[11]",
      "title" : "Get finished reading metric from row 11",
      "time" : {
        "start" : 1521067158284,
        "stop" : 1521067158342,
        "duration" : 58
      },
      "summary" : {
        "attachments" : 0,
        "steps" : 0
      },
      "status" : "PASSED",
      "attachments" : [ ],
      "steps" : [ ]
    }, {
      "name" : "getRecirculationValueByIndex[11]",
      "title" : "Get recirculation metric from row 11",
      "time" : {
        "start" : 1521067158343,
        "stop" : 1521067158396,
        "duration" : 53
      },
      "summary" : {
        "attachments" : 0,
        "steps" : 0
      },
      "status" : "PASSED",
      "attachments" : [ ],
      "steps" : [ ]
    }, {
      "name" : "getPageViewsValueByIndex[12]",
      "title" : "Get page views metric from row 12",
      "time" : {
        "start" : 1521067158397,
        "stop" : 1521067158469,
        "duration" : 72
      },
      "summary" : {
        "attachments" : 0,
        "steps" : 0
      },
      "status" : "PASSED",
      "attachments" : [ ],
      "steps" : [ ]
    }, {
      "name" : "getAverageTimeValueByIndex[12]",
      "title" : "Get average time metric from row 12",
      "time" : {
        "start" : 1521067158470,
        "stop" : 1521067158550,
        "duration" : 80
      },
      "summary" : {
        "attachments" : 0,
        "steps" : 0
      },
      "status" : "PASSED",
      "attachments" : [ ],
      "steps" : [ ]
    }, {
      "name" : "getFinishedReadingValueByIndex[12]",
      "title" : "Get finished reading metric from row 12",
      "time" : {
        "start" : 1521067158551,
        "stop" : 1521067158608,
        "duration" : 57
      },
      "summary" : {
        "attachments" : 0,
        "steps" : 0
      },
      "status" : "PASSED",
      "attachments" : [ ],
      "steps" : [ ]
    }, {
      "name" : "getRecirculationValueByIndex[12]",
      "title" : "Get recirculation metric from row 12",
      "time" : {
        "start" : 1521067158609,
        "stop" : 1521067158662,
        "duration" : 53
      },
      "summary" : {
        "attachments" : 0,
        "steps" : 0
      },
      "status" : "PASSED",
      "attachments" : [ ],
      "steps" : [ ]
    }, {
      "name" : "getPageViewsValueByIndex[13]",
      "title" : "Get page views metric from row 13",
      "time" : {
        "start" : 1521067158663,
        "stop" : 1521067158712,
        "duration" : 49
      },
      "summary" : {
        "attachments" : 0,
        "steps" : 0
      },
      "status" : "PASSED",
      "attachments" : [ ],
      "steps" : [ ]
    }, {
      "name" : "getAverageTimeValueByIndex[13]",
      "title" : "Get average time metric from row 13",
      "time" : {
        "start" : 1521067158713,
        "stop" : 1521067158761,
        "duration" : 48
      },
      "summary" : {
        "attachments" : 0,
        "steps" : 0
      },
      "status" : "PASSED",
      "attachments" : [ ],
      "steps" : [ ]
    }, {
      "name" : "getFinishedReadingValueByIndex[13]",
      "title" : "Get finished reading metric from row 13",
      "time" : {
        "start" : 1521067158762,
        "stop" : 1521067158813,
        "duration" : 51
      },
      "summary" : {
        "attachments" : 0,
        "steps" : 0
      },
      "status" : "PASSED",
      "attachments" : [ ],
      "steps" : [ ]
    }, {
      "name" : "getRecirculationValueByIndex[13]",
      "title" : "Get recirculation metric from row 13",
      "time" : {
        "start" : 1521067158814,
        "stop" : 1521067158870,
        "duration" : 56
      },
      "summary" : {
        "attachments" : 0,
        "steps" : 0
      },
      "status" : "PASSED",
      "attachments" : [ ],
      "steps" : [ ]
    }, {
      "name" : "getPageViewsValueByIndex[14]",
      "title" : "Get page views metric from row 14",
      "time" : {
        "start" : 1521067158870,
        "stop" : 1521067158920,
        "duration" : 50
      },
      "summary" : {
        "attachments" : 0,
        "steps" : 0
      },
      "status" : "PASSED",
      "attachments" : [ ],
      "steps" : [ ]
    }, {
      "name" : "getAverageTimeValueByIndex[14]",
      "title" : "Get average time metric from row 14",
      "time" : {
        "start" : 1521067158921,
        "stop" : 1521067158968,
        "duration" : 47
      },
      "summary" : {
        "attachments" : 0,
        "steps" : 0
      },
      "status" : "PASSED",
      "attachments" : [ ],
      "steps" : [ ]
    }, {
      "name" : "getFinishedReadingValueByIndex[14]",
      "title" : "Get finished reading metric from row 14",
      "time" : {
        "start" : 1521067158968,
        "stop" : 1521067159022,
        "duration" : 54
      },
      "summary" : {
        "attachments" : 0,
        "steps" : 0
      },
      "status" : "PASSED",
      "attachments" : [ ],
      "steps" : [ ]
    }, {
      "name" : "getRecirculationValueByIndex[14]",
      "title" : "Get recirculation metric from row 14",
      "time" : {
        "start" : 1521067159023,
        "stop" : 1521067159075,
        "duration" : 52
      },
      "summary" : {
        "attachments" : 0,
        "steps" : 0
      },
      "status" : "PASSED",
      "attachments" : [ ],
      "steps" : [ ]
    } ]
  }, {
    "name" : "assertArticlesOrder[[ArticleModel{pageViews=4, averageTime=Thu Jan 01 00:00:38 EET 1970, finishedReading=75, recirculati...]",
    "title" : "Assert order of articles by metric RECIRCULATION, from best: false",
    "time" : {
      "start" : 1521067159077,
      "stop" : 1521067159077,
      "duration" : 0
    },
    "summary" : {
      "attachments" : 0,
      "steps" : 0
    },
    "status" : "PASSED",
    "attachments" : [ ],
    "steps" : [ ]
  }, {
    "name" : "clickNext",
    "title" : "Click Next",
    "time" : {
      "start" : 1521067159078,
      "stop" : 1521067159357,
      "duration" : 279
    },
    "summary" : {
      "attachments" : 0,
      "steps" : 0
    },
    "status" : "PASSED",
    "attachments" : [ ],
    "steps" : [ ]
  }, {
    "name" : "waitForLoaderIsOff",
    "title" : "Wait until loader disappears",
    "time" : {
      "start" : 1521067159360,
      "stop" : 1521067160305,
      "duration" : 945
    },
    "summary" : {
      "attachments" : 0,
      "steps" : 0
    },
    "status" : "PASSED",
    "attachments" : [ ],
    "steps" : [ ]
  }, {
    "name" : "getAllArticlesFromPage",
    "title" : "Get all articles metrics...",
    "time" : {
      "start" : 1521067160306,
      "stop" : 1521067164194,
      "duration" : 3888
    },
    "summary" : {
      "attachments" : 0,
      "steps" : 60
    },
    "status" : "PASSED",
    "attachments" : [ ],
    "steps" : [ {
      "name" : "getPageViewsValueByIndex[0]",
      "title" : "Get page views metric from row 0",
      "time" : {
        "start" : 1521067160345,
        "stop" : 1521067160418,
        "duration" : 73
      },
      "summary" : {
        "attachments" : 0,
        "steps" : 0
      },
      "status" : "PASSED",
      "attachments" : [ ],
      "steps" : [ ]
    }, {
      "name" : "getAverageTimeValueByIndex[0]",
      "title" : "Get average time metric from row 0",
      "time" : {
        "start" : 1521067160420,
        "stop" : 1521067160492,
        "duration" : 72
      },
      "summary" : {
        "attachments" : 0,
        "steps" : 0
      },
      "status" : "PASSED",
      "attachments" : [ ],
      "steps" : [ ]
    }, {
      "name" : "getFinishedReadingValueByIndex[0]",
      "title" : "Get finished reading metric from row 0",
      "time" : {
        "start" : 1521067160493,
        "stop" : 1521067160565,
        "duration" : 72
      },
      "summary" : {
        "attachments" : 0,
        "steps" : 0
      },
      "status" : "PASSED",
      "attachments" : [ ],
      "steps" : [ ]
    }, {
      "name" : "getRecirculationValueByIndex[0]",
      "title" : "Get recirculation metric from row 0",
      "time" : {
        "start" : 1521067160566,
        "stop" : 1521067160624,
        "duration" : 58
      },
      "summary" : {
        "attachments" : 0,
        "steps" : 0
      },
      "status" : "PASSED",
      "attachments" : [ ],
      "steps" : [ ]
    }, {
      "name" : "getPageViewsValueByIndex[1]",
      "title" : "Get page views metric from row 1",
      "time" : {
        "start" : 1521067160625,
        "stop" : 1521067160678,
        "duration" : 53
      },
      "summary" : {
        "attachments" : 0,
        "steps" : 0
      },
      "status" : "PASSED",
      "attachments" : [ ],
      "steps" : [ ]
    }, {
      "name" : "getAverageTimeValueByIndex[1]",
      "title" : "Get average time metric from row 1",
      "time" : {
        "start" : 1521067160680,
        "stop" : 1521067160758,
        "duration" : 78
      },
      "summary" : {
        "attachments" : 0,
        "steps" : 0
      },
      "status" : "PASSED",
      "attachments" : [ ],
      "steps" : [ ]
    }, {
      "name" : "getFinishedReadingValueByIndex[1]",
      "title" : "Get finished reading metric from row 1",
      "time" : {
        "start" : 1521067160760,
        "stop" : 1521067160832,
        "duration" : 72
      },
      "summary" : {
        "attachments" : 0,
        "steps" : 0
      },
      "status" : "PASSED",
      "attachments" : [ ],
      "steps" : [ ]
    }, {
      "name" : "getRecirculationValueByIndex[1]",
      "title" : "Get recirculation metric from row 1",
      "time" : {
        "start" : 1521067160833,
        "stop" : 1521067160896,
        "duration" : 63
      },
      "summary" : {
        "attachments" : 0,
        "steps" : 0
      },
      "status" : "PASSED",
      "attachments" : [ ],
      "steps" : [ ]
    }, {
      "name" : "getPageViewsValueByIndex[2]",
      "title" : "Get page views metric from row 2",
      "time" : {
        "start" : 1521067160898,
        "stop" : 1521067160976,
        "duration" : 78
      },
      "summary" : {
        "attachments" : 0,
        "steps" : 0
      },
      "status" : "PASSED",
      "attachments" : [ ],
      "steps" : [ ]
    }, {
      "name" : "getAverageTimeValueByIndex[2]",
      "title" : "Get average time metric from row 2",
      "time" : {
        "start" : 1521067160979,
        "stop" : 1521067161055,
        "duration" : 76
      },
      "summary" : {
        "attachments" : 0,
        "steps" : 0
      },
      "status" : "PASSED",
      "attachments" : [ ],
      "steps" : [ ]
    }, {
      "name" : "getFinishedReadingValueByIndex[2]",
      "title" : "Get finished reading metric from row 2",
      "time" : {
        "start" : 1521067161057,
        "stop" : 1521067161139,
        "duration" : 82
      },
      "summary" : {
        "attachments" : 0,
        "steps" : 0
      },
      "status" : "PASSED",
      "attachments" : [ ],
      "steps" : [ ]
    }, {
      "name" : "getRecirculationValueByIndex[2]",
      "title" : "Get recirculation metric from row 2",
      "time" : {
        "start" : 1521067161141,
        "stop" : 1521067161215,
        "duration" : 74
      },
      "summary" : {
        "attachments" : 0,
        "steps" : 0
      },
      "status" : "PASSED",
      "attachments" : [ ],
      "steps" : [ ]
    }, {
      "name" : "getPageViewsValueByIndex[3]",
      "title" : "Get page views metric from row 3",
      "time" : {
        "start" : 1521067161216,
        "stop" : 1521067161271,
        "duration" : 55
      },
      "summary" : {
        "attachments" : 0,
        "steps" : 0
      },
      "status" : "PASSED",
      "attachments" : [ ],
      "steps" : [ ]
    }, {
      "name" : "getAverageTimeValueByIndex[3]",
      "title" : "Get average time metric from row 3",
      "time" : {
        "start" : 1521067161272,
        "stop" : 1521067161345,
        "duration" : 73
      },
      "summary" : {
        "attachments" : 0,
        "steps" : 0
      },
      "status" : "PASSED",
      "attachments" : [ ],
      "steps" : [ ]
    }, {
      "name" : "getFinishedReadingValueByIndex[3]",
      "title" : "Get finished reading metric from row 3",
      "time" : {
        "start" : 1521067161346,
        "stop" : 1521067161400,
        "duration" : 54
      },
      "summary" : {
        "attachments" : 0,
        "steps" : 0
      },
      "status" : "PASSED",
      "attachments" : [ ],
      "steps" : [ ]
    }, {
      "name" : "getRecirculationValueByIndex[3]",
      "title" : "Get recirculation metric from row 3",
      "time" : {
        "start" : 1521067161401,
        "stop" : 1521067161470,
        "duration" : 69
      },
      "summary" : {
        "attachments" : 0,
        "steps" : 0
      },
      "status" : "PASSED",
      "attachments" : [ ],
      "steps" : [ ]
    }, {
      "name" : "getPageViewsValueByIndex[4]",
      "title" : "Get page views metric from row 4",
      "time" : {
        "start" : 1521067161471,
        "stop" : 1521067161529,
        "duration" : 58
      },
      "summary" : {
        "attachments" : 0,
        "steps" : 0
      },
      "status" : "PASSED",
      "attachments" : [ ],
      "steps" : [ ]
    }, {
      "name" : "getAverageTimeValueByIndex[4]",
      "title" : "Get average time metric from row 4",
      "time" : {
        "start" : 1521067161530,
        "stop" : 1521067161578,
        "duration" : 48
      },
      "summary" : {
        "attachments" : 0,
        "steps" : 0
      },
      "status" : "PASSED",
      "attachments" : [ ],
      "steps" : [ ]
    }, {
      "name" : "getFinishedReadingValueByIndex[4]",
      "title" : "Get finished reading metric from row 4",
      "time" : {
        "start" : 1521067161579,
        "stop" : 1521067161636,
        "duration" : 57
      },
      "summary" : {
        "attachments" : 0,
        "steps" : 0
      },
      "status" : "PASSED",
      "attachments" : [ ],
      "steps" : [ ]
    }, {
      "name" : "getRecirculationValueByIndex[4]",
      "title" : "Get recirculation metric from row 4",
      "time" : {
        "start" : 1521067161637,
        "stop" : 1521067161703,
        "duration" : 66
      },
      "summary" : {
        "attachments" : 0,
        "steps" : 0
      },
      "status" : "PASSED",
      "attachments" : [ ],
      "steps" : [ ]
    }, {
      "name" : "getPageViewsValueByIndex[5]",
      "title" : "Get page views metric from row 5",
      "time" : {
        "start" : 1521067161704,
        "stop" : 1521067161756,
        "duration" : 52
      },
      "summary" : {
        "attachments" : 0,
        "steps" : 0
      },
      "status" : "PASSED",
      "attachments" : [ ],
      "steps" : [ ]
    }, {
      "name" : "getAverageTimeValueByIndex[5]",
      "title" : "Get average time metric from row 5",
      "time" : {
        "start" : 1521067161757,
        "stop" : 1521067161808,
        "duration" : 51
      },
      "summary" : {
        "attachments" : 0,
        "steps" : 0
      },
      "status" : "PASSED",
      "attachments" : [ ],
      "steps" : [ ]
    }, {
      "name" : "getFinishedReadingValueByIndex[5]",
      "title" : "Get finished reading metric from row 5",
      "time" : {
        "start" : 1521067161809,
        "stop" : 1521067161889,
        "duration" : 80
      },
      "summary" : {
        "attachments" : 0,
        "steps" : 0
      },
      "status" : "PASSED",
      "attachments" : [ ],
      "steps" : [ ]
    }, {
      "name" : "getRecirculationValueByIndex[5]",
      "title" : "Get recirculation metric from row 5",
      "time" : {
        "start" : 1521067161889,
        "stop" : 1521067161942,
        "duration" : 53
      },
      "summary" : {
        "attachments" : 0,
        "steps" : 0
      },
      "status" : "PASSED",
      "attachments" : [ ],
      "steps" : [ ]
    }, {
      "name" : "getPageViewsValueByIndex[6]",
      "title" : "Get page views metric from row 6",
      "time" : {
        "start" : 1521067161942,
        "stop" : 1521067161997,
        "duration" : 55
      },
      "summary" : {
        "attachments" : 0,
        "steps" : 0
      },
      "status" : "PASSED",
      "attachments" : [ ],
      "steps" : [ ]
    }, {
      "name" : "getAverageTimeValueByIndex[6]",
      "title" : "Get average time metric from row 6",
      "time" : {
        "start" : 1521067161998,
        "stop" : 1521067162048,
        "duration" : 50
      },
      "summary" : {
        "attachments" : 0,
        "steps" : 0
      },
      "status" : "PASSED",
      "attachments" : [ ],
      "steps" : [ ]
    }, {
      "name" : "getFinishedReadingValueByIndex[6]",
      "title" : "Get finished reading metric from row 6",
      "time" : {
        "start" : 1521067162049,
        "stop" : 1521067162104,
        "duration" : 55
      },
      "summary" : {
        "attachments" : 0,
        "steps" : 0
      },
      "status" : "PASSED",
      "attachments" : [ ],
      "steps" : [ ]
    }, {
      "name" : "getRecirculationValueByIndex[6]",
      "title" : "Get recirculation metric from row 6",
      "time" : {
        "start" : 1521067162105,
        "stop" : 1521067162173,
        "duration" : 68
      },
      "summary" : {
        "attachments" : 0,
        "steps" : 0
      },
      "status" : "PASSED",
      "attachments" : [ ],
      "steps" : [ ]
    }, {
      "name" : "getPageViewsValueByIndex[7]",
      "title" : "Get page views metric from row 7",
      "time" : {
        "start" : 1521067162173,
        "stop" : 1521067162232,
        "duration" : 59
      },
      "summary" : {
        "attachments" : 0,
        "steps" : 0
      },
      "status" : "PASSED",
      "attachments" : [ ],
      "steps" : [ ]
    }, {
      "name" : "getAverageTimeValueByIndex[7]",
      "title" : "Get average time metric from row 7",
      "time" : {
        "start" : 1521067162234,
        "stop" : 1521067162283,
        "duration" : 49
      },
      "summary" : {
        "attachments" : 0,
        "steps" : 0
      },
      "status" : "PASSED",
      "attachments" : [ ],
      "steps" : [ ]
    }, {
      "name" : "getFinishedReadingValueByIndex[7]",
      "title" : "Get finished reading metric from row 7",
      "time" : {
        "start" : 1521067162284,
        "stop" : 1521067162344,
        "duration" : 60
      },
      "summary" : {
        "attachments" : 0,
        "steps" : 0
      },
      "status" : "PASSED",
      "attachments" : [ ],
      "steps" : [ ]
    }, {
      "name" : "getRecirculationValueByIndex[7]",
      "title" : "Get recirculation metric from row 7",
      "time" : {
        "start" : 1521067162345,
        "stop" : 1521067162419,
        "duration" : 74
      },
      "summary" : {
        "attachments" : 0,
        "steps" : 0
      },
      "status" : "PASSED",
      "attachments" : [ ],
      "steps" : [ ]
    }, {
      "name" : "getPageViewsValueByIndex[8]",
      "title" : "Get page views metric from row 8",
      "time" : {
        "start" : 1521067162420,
        "stop" : 1521067162488,
        "duration" : 68
      },
      "summary" : {
        "attachments" : 0,
        "steps" : 0
      },
      "status" : "PASSED",
      "attachments" : [ ],
      "steps" : [ ]
    }, {
      "name" : "getAverageTimeValueByIndex[8]",
      "title" : "Get average time metric from row 8",
      "time" : {
        "start" : 1521067162489,
        "stop" : 1521067162538,
        "duration" : 49
      },
      "summary" : {
        "attachments" : 0,
        "steps" : 0
      },
      "status" : "PASSED",
      "attachments" : [ ],
      "steps" : [ ]
    }, {
      "name" : "getFinishedReadingValueByIndex[8]",
      "title" : "Get finished reading metric from row 8",
      "time" : {
        "start" : 1521067162539,
        "stop" : 1521067162598,
        "duration" : 59
      },
      "summary" : {
        "attachments" : 0,
        "steps" : 0
      },
      "status" : "PASSED",
      "attachments" : [ ],
      "steps" : [ ]
    }, {
      "name" : "getRecirculationValueByIndex[8]",
      "title" : "Get recirculation metric from row 8",
      "time" : {
        "start" : 1521067162599,
        "stop" : 1521067162705,
        "duration" : 106
      },
      "summary" : {
        "attachments" : 0,
        "steps" : 0
      },
      "status" : "PASSED",
      "attachments" : [ ],
      "steps" : [ ]
    }, {
      "name" : "getPageViewsValueByIndex[9]",
      "title" : "Get page views metric from row 9",
      "time" : {
        "start" : 1521067162706,
        "stop" : 1521067162782,
        "duration" : 76
      },
      "summary" : {
        "attachments" : 0,
        "steps" : 0
      },
      "status" : "PASSED",
      "attachments" : [ ],
      "steps" : [ ]
    }, {
      "name" : "getAverageTimeValueByIndex[9]",
      "title" : "Get average time metric from row 9",
      "time" : {
        "start" : 1521067162783,
        "stop" : 1521067162837,
        "duration" : 54
      },
      "summary" : {
        "attachments" : 0,
        "steps" : 0
      },
      "status" : "PASSED",
      "attachments" : [ ],
      "steps" : [ ]
    }, {
      "name" : "getFinishedReadingValueByIndex[9]",
      "title" : "Get finished reading metric from row 9",
      "time" : {
        "start" : 1521067162838,
        "stop" : 1521067162903,
        "duration" : 65
      },
      "summary" : {
        "attachments" : 0,
        "steps" : 0
      },
      "status" : "PASSED",
      "attachments" : [ ],
      "steps" : [ ]
    }, {
      "name" : "getRecirculationValueByIndex[9]",
      "title" : "Get recirculation metric from row 9",
      "time" : {
        "start" : 1521067162904,
        "stop" : 1521067162974,
        "duration" : 70
      },
      "summary" : {
        "attachments" : 0,
        "steps" : 0
      },
      "status" : "PASSED",
      "attachments" : [ ],
      "steps" : [ ]
    }, {
      "name" : "getPageViewsValueByIndex[10]",
      "title" : "Get page views metric from row 10",
      "time" : {
        "start" : 1521067162974,
        "stop" : 1521067163035,
        "duration" : 61
      },
      "summary" : {
        "attachments" : 0,
        "steps" : 0
      },
      "status" : "PASSED",
      "attachments" : [ ],
      "steps" : [ ]
    }, {
      "name" : "getAverageTimeValueByIndex[10]",
      "title" : "Get average time metric from row 10",
      "time" : {
        "start" : 1521067163035,
        "stop" : 1521067163083,
        "duration" : 48
      },
      "summary" : {
        "attachments" : 0,
        "steps" : 0
      },
      "status" : "PASSED",
      "attachments" : [ ],
      "steps" : [ ]
    }, {
      "name" : "getFinishedReadingValueByIndex[10]",
      "title" : "Get finished reading metric from row 10",
      "time" : {
        "start" : 1521067163084,
        "stop" : 1521067163141,
        "duration" : 57
      },
      "summary" : {
        "attachments" : 0,
        "steps" : 0
      },
      "status" : "PASSED",
      "attachments" : [ ],
      "steps" : [ ]
    }, {
      "name" : "getRecirculationValueByIndex[10]",
      "title" : "Get recirculation metric from row 10",
      "time" : {
        "start" : 1521067163142,
        "stop" : 1521067163198,
        "duration" : 56
      },
      "summary" : {
        "attachments" : 0,
        "steps" : 0
      },
      "status" : "PASSED",
      "attachments" : [ ],
      "steps" : [ ]
    }, {
      "name" : "getPageViewsValueByIndex[11]",
      "title" : "Get page views metric from row 11",
      "time" : {
        "start" : 1521067163199,
        "stop" : 1521067163257,
        "duration" : 58
      },
      "summary" : {
        "attachments" : 0,
        "steps" : 0
      },
      "status" : "PASSED",
      "attachments" : [ ],
      "steps" : [ ]
    }, {
      "name" : "getAverageTimeValueByIndex[11]",
      "title" : "Get average time metric from row 11",
      "time" : {
        "start" : 1521067163258,
        "stop" : 1521067163315,
        "duration" : 57
      },
      "summary" : {
        "attachments" : 0,
        "steps" : 0
      },
      "status" : "PASSED",
      "attachments" : [ ],
      "steps" : [ ]
    }, {
      "name" : "getFinishedReadingValueByIndex[11]",
      "title" : "Get finished reading metric from row 11",
      "time" : {
        "start" : 1521067163316,
        "stop" : 1521067163373,
        "duration" : 57
      },
      "summary" : {
        "attachments" : 0,
        "steps" : 0
      },
      "status" : "PASSED",
      "attachments" : [ ],
      "steps" : [ ]
    }, {
      "name" : "getRecirculationValueByIndex[11]",
      "title" : "Get recirculation metric from row 11",
      "time" : {
        "start" : 1521067163374,
        "stop" : 1521067163438,
        "duration" : 64
      },
      "summary" : {
        "attachments" : 0,
        "steps" : 0
      },
      "status" : "PASSED",
      "attachments" : [ ],
      "steps" : [ ]
    }, {
      "name" : "getPageViewsValueByIndex[12]",
      "title" : "Get page views metric from row 12",
      "time" : {
        "start" : 1521067163439,
        "stop" : 1521067163494,
        "duration" : 55
      },
      "summary" : {
        "attachments" : 0,
        "steps" : 0
      },
      "status" : "PASSED",
      "attachments" : [ ],
      "steps" : [ ]
    }, {
      "name" : "getAverageTimeValueByIndex[12]",
      "title" : "Get average time metric from row 12",
      "time" : {
        "start" : 1521067163495,
        "stop" : 1521067163548,
        "duration" : 53
      },
      "summary" : {
        "attachments" : 0,
        "steps" : 0
      },
      "status" : "PASSED",
      "attachments" : [ ],
      "steps" : [ ]
    }, {
      "name" : "getFinishedReadingValueByIndex[12]",
      "title" : "Get finished reading metric from row 12",
      "time" : {
        "start" : 1521067163548,
        "stop" : 1521067163608,
        "duration" : 60
      },
      "summary" : {
        "attachments" : 0,
        "steps" : 0
      },
      "status" : "PASSED",
      "attachments" : [ ],
      "steps" : [ ]
    }, {
      "name" : "getRecirculationValueByIndex[12]",
      "title" : "Get recirculation metric from row 12",
      "time" : {
        "start" : 1521067163609,
        "stop" : 1521067163670,
        "duration" : 61
      },
      "summary" : {
        "attachments" : 0,
        "steps" : 0
      },
      "status" : "PASSED",
      "attachments" : [ ],
      "steps" : [ ]
    }, {
      "name" : "getPageViewsValueByIndex[13]",
      "title" : "Get page views metric from row 13",
      "time" : {
        "start" : 1521067163671,
        "stop" : 1521067163751,
        "duration" : 80
      },
      "summary" : {
        "attachments" : 0,
        "steps" : 0
      },
      "status" : "PASSED",
      "attachments" : [ ],
      "steps" : [ ]
    }, {
      "name" : "getAverageTimeValueByIndex[13]",
      "title" : "Get average time metric from row 13",
      "time" : {
        "start" : 1521067163752,
        "stop" : 1521067163806,
        "duration" : 54
      },
      "summary" : {
        "attachments" : 0,
        "steps" : 0
      },
      "status" : "PASSED",
      "attachments" : [ ],
      "steps" : [ ]
    }, {
      "name" : "getFinishedReadingValueByIndex[13]",
      "title" : "Get finished reading metric from row 13",
      "time" : {
        "start" : 1521067163807,
        "stop" : 1521067163865,
        "duration" : 58
      },
      "summary" : {
        "attachments" : 0,
        "steps" : 0
      },
      "status" : "PASSED",
      "attachments" : [ ],
      "steps" : [ ]
    }, {
      "name" : "getRecirculationValueByIndex[13]",
      "title" : "Get recirculation metric from row 13",
      "time" : {
        "start" : 1521067163866,
        "stop" : 1521067163924,
        "duration" : 58
      },
      "summary" : {
        "attachments" : 0,
        "steps" : 0
      },
      "status" : "PASSED",
      "attachments" : [ ],
      "steps" : [ ]
    }, {
      "name" : "getPageViewsValueByIndex[14]",
      "title" : "Get page views metric from row 14",
      "time" : {
        "start" : 1521067163924,
        "stop" : 1521067163988,
        "duration" : 64
      },
      "summary" : {
        "attachments" : 0,
        "steps" : 0
      },
      "status" : "PASSED",
      "attachments" : [ ],
      "steps" : [ ]
    }, {
      "name" : "getAverageTimeValueByIndex[14]",
      "title" : "Get average time metric from row 14",
      "time" : {
        "start" : 1521067163988,
        "stop" : 1521067164048,
        "duration" : 60
      },
      "summary" : {
        "attachments" : 0,
        "steps" : 0
      },
      "status" : "PASSED",
      "attachments" : [ ],
      "steps" : [ ]
    }, {
      "name" : "getFinishedReadingValueByIndex[14]",
      "title" : "Get finished reading metric from row 14",
      "time" : {
        "start" : 1521067164048,
        "stop" : 1521067164123,
        "duration" : 75
      },
      "summary" : {
        "attachments" : 0,
        "steps" : 0
      },
      "status" : "PASSED",
      "attachments" : [ ],
      "steps" : [ ]
    }, {
      "name" : "getRecirculationValueByIndex[14]",
      "title" : "Get recirculation metric from row 14",
      "time" : {
        "start" : 1521067164124,
        "stop" : 1521067164194,
        "duration" : 70
      },
      "summary" : {
        "attachments" : 0,
        "steps" : 0
      },
      "status" : "PASSED",
      "attachments" : [ ],
      "steps" : [ ]
    } ]
  }, {
    "name" : "assertArticlesOrder[[ArticleModel{pageViews=8, averageTime=Thu Jan 01 00:00:24 EET 1970, finishedReading=100, recirculat...]",
    "title" : "Assert order of articles by metric RECIRCULATION, from best: false",
    "time" : {
      "start" : 1521067164195,
      "stop" : 1521067164195,
      "duration" : 0
    },
    "summary" : {
      "attachments" : 0,
      "steps" : 0
    },
    "status" : "PASSED",
    "attachments" : [ ],
    "steps" : [ ]
  } ],
  "attachments" : [ ],
  "issues" : [ ],
  "labels" : [ {
    "name" : "thread",
    "value" : "10320@ALEX.main(1)"
  }, {
    "name" : "framework",
    "value" : "TestNG"
  }, {
    "name" : "feature",
    "value" : "Desktop check sorting by metrics (Task 4)"
  }, {
    "name" : "language",
    "value" : "JAVA"
  }, {
    "name" : "suite-name",
    "value" : "TestTask : reportingTests"
  }, {
    "name" : "suite-title",
    "value" : "TestTask : reportingTests"
  }, {
    "name" : "host",
    "value" : "ALEX"
  }, {
    "name" : "story",
    "value" : "Google Chrome"
  } ],
  "parameters" : [ ]
}