{
  "uid" : "d562dbf2015237df",
  "name" : "verifySortingByMetricsFromBest[PAGEVIEWS]",
  "title" : "Verify sorting by metrics from best [PAGEVIEWS]",
  "time" : {
    "start" : 1521067047067,
    "stop" : 1521067061155,
    "duration" : 14088
  },
  "summary" : {
    "attachments" : 0,
    "steps" : 141
  },
  "failure" : null,
  "description" : null,
  "severity" : "NORMAL",
  "status" : "PASSED",
  "testId" : null,
  "suite" : {
    "uid" : "ff2847323540eebb",
    "name" : "TestTask : reportingTests",
    "title" : "TestTask : reportingTests"
  },
  "steps" : [ {
    "name" : "get[https://onthe.io/auth]",
    "title" : "Get URL: https://onthe.io/auth",
    "time" : {
      "start" : 1521067026583,
      "stop" : 1521067026770,
      "duration" : 187
    },
    "summary" : {
      "attachments" : 0,
      "steps" : 0
    },
    "status" : "PASSED",
    "attachments" : [ ],
    "steps" : [ ]
  }, {
    "name" : "typeEmail[gexibawer@one2mail.info]",
    "title" : "Login page: Type email - gexibawer@one2mail.info",
    "time" : {
      "start" : 1521067026771,
      "stop" : 1521067027172,
      "duration" : 401
    },
    "summary" : {
      "attachments" : 0,
      "steps" : 0
    },
    "status" : "PASSED",
    "attachments" : [ ],
    "steps" : [ ]
  }, {
    "name" : "typePassword[q]",
    "title" : "Login page: Type password - q",
    "time" : {
      "start" : 1521067027173,
      "stop" : 1521067027396,
      "duration" : 223
    },
    "summary" : {
      "attachments" : 0,
      "steps" : 0
    },
    "status" : "PASSED",
    "attachments" : [ ],
    "steps" : [ ]
  }, {
    "name" : "clickLogin",
    "title" : "Login page: Click Login button",
    "time" : {
      "start" : 1521067027398,
      "stop" : 1521067027636,
      "duration" : 238
    },
    "summary" : {
      "attachments" : 0,
      "steps" : 0
    },
    "status" : "PASSED",
    "attachments" : [ ],
    "steps" : [ ]
  }, {
    "name" : "clickProjectButtonByIndex[0]",
    "title" : "Click projectButton by index 0",
    "time" : {
      "start" : 1521067032442,
      "stop" : 1521067037165,
      "duration" : 4723
    },
    "summary" : {
      "attachments" : 0,
      "steps" : 0
    },
    "status" : "PASSED",
    "attachments" : [ ],
    "steps" : [ ]
  }, {
    "name" : "refreshPage",
    "title" : "Refresh page",
    "time" : {
      "start" : 1521067037682,
      "stop" : 1521067041451,
      "duration" : 3769
    },
    "summary" : {
      "attachments" : 0,
      "steps" : 0
    },
    "status" : "PASSED",
    "attachments" : [ ],
    "steps" : [ ]
  }, {
    "name" : "waitForLoaderIsOff",
    "title" : "Wait until loader disappears",
    "time" : {
      "start" : 1521067041452,
      "stop" : 1521067043605,
      "duration" : 2153
    },
    "summary" : {
      "attachments" : 0,
      "steps" : 0
    },
    "status" : "PASSED",
    "attachments" : [ ],
    "steps" : [ ]
  }, {
    "name" : "clickArticles",
    "title" : "Left menu bar: Click on Articles option",
    "time" : {
      "start" : 1521067043606,
      "stop" : 1521067043894,
      "duration" : 288
    },
    "summary" : {
      "attachments" : 0,
      "steps" : 0
    },
    "status" : "PASSED",
    "attachments" : [ ],
    "steps" : [ ]
  }, {
    "name" : "waitForLoaderIsOff",
    "title" : "Wait until loader disappears",
    "time" : {
      "start" : 1521067043895,
      "stop" : 1521067045292,
      "duration" : 1397
    },
    "summary" : {
      "attachments" : 0,
      "steps" : 0
    },
    "status" : "PASSED",
    "attachments" : [ ],
    "steps" : [ ]
  }, {
    "name" : "chooseTimeFrame[YESTERDAY]",
    "title" : "Choose time frame - YESTERDAY",
    "time" : {
      "start" : 1521067045293,
      "stop" : 1521067045633,
      "duration" : 340
    },
    "summary" : {
      "attachments" : 0,
      "steps" : 0
    },
    "status" : "PASSED",
    "attachments" : [ ],
    "steps" : [ ]
  }, {
    "name" : "waitForLoaderIsOff",
    "title" : "Wait until loader disappears",
    "time" : {
      "start" : 1521067045634,
      "stop" : 1521067047065,
      "duration" : 1431
    },
    "summary" : {
      "attachments" : 0,
      "steps" : 0
    },
    "status" : "PASSED",
    "attachments" : [ ],
    "steps" : [ ]
  }, {
    "name" : "setSortingDirection[true]",
    "title" : "Set sorting direction from best to worst: true",
    "time" : {
      "start" : 1521067047069,
      "stop" : 1521067047138,
      "duration" : 69
    },
    "summary" : {
      "attachments" : 0,
      "steps" : 0
    },
    "status" : "PASSED",
    "attachments" : [ ],
    "steps" : [ ]
  }, {
    "name" : "waitForLoaderIsOff",
    "title" : "Wait until loader disappears",
    "time" : {
      "start" : 1521067047139,
      "stop" : 1521067049232,
      "duration" : 2093
    },
    "summary" : {
      "attachments" : 0,
      "steps" : 0
    },
    "status" : "PASSED",
    "attachments" : [ ],
    "steps" : [ ]
  }, {
    "name" : "sortByMetric[PAGEVIEWS]",
    "title" : "Select metric to sort: PAGEVIEWS",
    "time" : {
      "start" : 1521067049234,
      "stop" : 1521067049684,
      "duration" : 450
    },
    "summary" : {
      "attachments" : 0,
      "steps" : 0
    },
    "status" : "PASSED",
    "attachments" : [ ],
    "steps" : [ ]
  }, {
    "name" : "waitForLoaderIsOff",
    "title" : "Wait until loader disappears",
    "time" : {
      "start" : 1521067049685,
      "stop" : 1521067051027,
      "duration" : 1342
    },
    "summary" : {
      "attachments" : 0,
      "steps" : 0
    },
    "status" : "PASSED",
    "attachments" : [ ],
    "steps" : [ ]
  }, {
    "name" : "getAllArticlesFromPage",
    "title" : "Get all articles metrics...",
    "time" : {
      "start" : 1521067051028,
      "stop" : 1521067055370,
      "duration" : 4342
    },
    "summary" : {
      "attachments" : 0,
      "steps" : 60
    },
    "status" : "PASSED",
    "attachments" : [ ],
    "steps" : [ {
      "name" : "getPageViewsValueByIndex[0]",
      "title" : "Get page views metric from row 0",
      "time" : {
        "start" : 1521067051088,
        "stop" : 1521067051183,
        "duration" : 95
      },
      "summary" : {
        "attachments" : 0,
        "steps" : 0
      },
      "status" : "PASSED",
      "attachments" : [ ],
      "steps" : [ ]
    }, {
      "name" : "getAverageTimeValueByIndex[0]",
      "title" : "Get average time metric from row 0",
      "time" : {
        "start" : 1521067051184,
        "stop" : 1521067051249,
        "duration" : 65
      },
      "summary" : {
        "attachments" : 0,
        "steps" : 0
      },
      "status" : "PASSED",
      "attachments" : [ ],
      "steps" : [ ]
    }, {
      "name" : "getFinishedReadingValueByIndex[0]",
      "title" : "Get finished reading metric from row 0",
      "time" : {
        "start" : 1521067051251,
        "stop" : 1521067051332,
        "duration" : 81
      },
      "summary" : {
        "attachments" : 0,
        "steps" : 0
      },
      "status" : "PASSED",
      "attachments" : [ ],
      "steps" : [ ]
    }, {
      "name" : "getRecirculationValueByIndex[0]",
      "title" : "Get recirculation metric from row 0",
      "time" : {
        "start" : 1521067051333,
        "stop" : 1521067051415,
        "duration" : 82
      },
      "summary" : {
        "attachments" : 0,
        "steps" : 0
      },
      "status" : "PASSED",
      "attachments" : [ ],
      "steps" : [ ]
    }, {
      "name" : "getPageViewsValueByIndex[1]",
      "title" : "Get page views metric from row 1",
      "time" : {
        "start" : 1521067051418,
        "stop" : 1521067051505,
        "duration" : 87
      },
      "summary" : {
        "attachments" : 0,
        "steps" : 0
      },
      "status" : "PASSED",
      "attachments" : [ ],
      "steps" : [ ]
    }, {
      "name" : "getAverageTimeValueByIndex[1]",
      "title" : "Get average time metric from row 1",
      "time" : {
        "start" : 1521067051506,
        "stop" : 1521067051581,
        "duration" : 75
      },
      "summary" : {
        "attachments" : 0,
        "steps" : 0
      },
      "status" : "PASSED",
      "attachments" : [ ],
      "steps" : [ ]
    }, {
      "name" : "getFinishedReadingValueByIndex[1]",
      "title" : "Get finished reading metric from row 1",
      "time" : {
        "start" : 1521067051582,
        "stop" : 1521067051652,
        "duration" : 70
      },
      "summary" : {
        "attachments" : 0,
        "steps" : 0
      },
      "status" : "PASSED",
      "attachments" : [ ],
      "steps" : [ ]
    }, {
      "name" : "getRecirculationValueByIndex[1]",
      "title" : "Get recirculation metric from row 1",
      "time" : {
        "start" : 1521067051652,
        "stop" : 1521067051745,
        "duration" : 93
      },
      "summary" : {
        "attachments" : 0,
        "steps" : 0
      },
      "status" : "PASSED",
      "attachments" : [ ],
      "steps" : [ ]
    }, {
      "name" : "getPageViewsValueByIndex[2]",
      "title" : "Get page views metric from row 2",
      "time" : {
        "start" : 1521067051747,
        "stop" : 1521067051817,
        "duration" : 70
      },
      "summary" : {
        "attachments" : 0,
        "steps" : 0
      },
      "status" : "PASSED",
      "attachments" : [ ],
      "steps" : [ ]
    }, {
      "name" : "getAverageTimeValueByIndex[2]",
      "title" : "Get average time metric from row 2",
      "time" : {
        "start" : 1521067051818,
        "stop" : 1521067051870,
        "duration" : 52
      },
      "summary" : {
        "attachments" : 0,
        "steps" : 0
      },
      "status" : "PASSED",
      "attachments" : [ ],
      "steps" : [ ]
    }, {
      "name" : "getFinishedReadingValueByIndex[2]",
      "title" : "Get finished reading metric from row 2",
      "time" : {
        "start" : 1521067051871,
        "stop" : 1521067051945,
        "duration" : 74
      },
      "summary" : {
        "attachments" : 0,
        "steps" : 0
      },
      "status" : "PASSED",
      "attachments" : [ ],
      "steps" : [ ]
    }, {
      "name" : "getRecirculationValueByIndex[2]",
      "title" : "Get recirculation metric from row 2",
      "time" : {
        "start" : 1521067051947,
        "stop" : 1521067052027,
        "duration" : 80
      },
      "summary" : {
        "attachments" : 0,
        "steps" : 0
      },
      "status" : "PASSED",
      "attachments" : [ ],
      "steps" : [ ]
    }, {
      "name" : "getPageViewsValueByIndex[3]",
      "title" : "Get page views metric from row 3",
      "time" : {
        "start" : 1521067052028,
        "stop" : 1521067052088,
        "duration" : 60
      },
      "summary" : {
        "attachments" : 0,
        "steps" : 0
      },
      "status" : "PASSED",
      "attachments" : [ ],
      "steps" : [ ]
    }, {
      "name" : "getAverageTimeValueByIndex[3]",
      "title" : "Get average time metric from row 3",
      "time" : {
        "start" : 1521067052090,
        "stop" : 1521067052147,
        "duration" : 57
      },
      "summary" : {
        "attachments" : 0,
        "steps" : 0
      },
      "status" : "PASSED",
      "attachments" : [ ],
      "steps" : [ ]
    }, {
      "name" : "getFinishedReadingValueByIndex[3]",
      "title" : "Get finished reading metric from row 3",
      "time" : {
        "start" : 1521067052148,
        "stop" : 1521067052216,
        "duration" : 68
      },
      "summary" : {
        "attachments" : 0,
        "steps" : 0
      },
      "status" : "PASSED",
      "attachments" : [ ],
      "steps" : [ ]
    }, {
      "name" : "getRecirculationValueByIndex[3]",
      "title" : "Get recirculation metric from row 3",
      "time" : {
        "start" : 1521067052217,
        "stop" : 1521067052317,
        "duration" : 100
      },
      "summary" : {
        "attachments" : 0,
        "steps" : 0
      },
      "status" : "PASSED",
      "attachments" : [ ],
      "steps" : [ ]
    }, {
      "name" : "getPageViewsValueByIndex[4]",
      "title" : "Get page views metric from row 4",
      "time" : {
        "start" : 1521067052318,
        "stop" : 1521067052386,
        "duration" : 68
      },
      "summary" : {
        "attachments" : 0,
        "steps" : 0
      },
      "status" : "PASSED",
      "attachments" : [ ],
      "steps" : [ ]
    }, {
      "name" : "getAverageTimeValueByIndex[4]",
      "title" : "Get average time metric from row 4",
      "time" : {
        "start" : 1521067052387,
        "stop" : 1521067052444,
        "duration" : 57
      },
      "summary" : {
        "attachments" : 0,
        "steps" : 0
      },
      "status" : "PASSED",
      "attachments" : [ ],
      "steps" : [ ]
    }, {
      "name" : "getFinishedReadingValueByIndex[4]",
      "title" : "Get finished reading metric from row 4",
      "time" : {
        "start" : 1521067052445,
        "stop" : 1521067052506,
        "duration" : 61
      },
      "summary" : {
        "attachments" : 0,
        "steps" : 0
      },
      "status" : "PASSED",
      "attachments" : [ ],
      "steps" : [ ]
    }, {
      "name" : "getRecirculationValueByIndex[4]",
      "title" : "Get recirculation metric from row 4",
      "time" : {
        "start" : 1521067052507,
        "stop" : 1521067052573,
        "duration" : 66
      },
      "summary" : {
        "attachments" : 0,
        "steps" : 0
      },
      "status" : "PASSED",
      "attachments" : [ ],
      "steps" : [ ]
    }, {
      "name" : "getPageViewsValueByIndex[5]",
      "title" : "Get page views metric from row 5",
      "time" : {
        "start" : 1521067052574,
        "stop" : 1521067052632,
        "duration" : 58
      },
      "summary" : {
        "attachments" : 0,
        "steps" : 0
      },
      "status" : "PASSED",
      "attachments" : [ ],
      "steps" : [ ]
    }, {
      "name" : "getAverageTimeValueByIndex[5]",
      "title" : "Get average time metric from row 5",
      "time" : {
        "start" : 1521067052633,
        "stop" : 1521067052689,
        "duration" : 56
      },
      "summary" : {
        "attachments" : 0,
        "steps" : 0
      },
      "status" : "PASSED",
      "attachments" : [ ],
      "steps" : [ ]
    }, {
      "name" : "getFinishedReadingValueByIndex[5]",
      "title" : "Get finished reading metric from row 5",
      "time" : {
        "start" : 1521067052690,
        "stop" : 1521067052811,
        "duration" : 121
      },
      "summary" : {
        "attachments" : 0,
        "steps" : 0
      },
      "status" : "PASSED",
      "attachments" : [ ],
      "steps" : [ ]
    }, {
      "name" : "getRecirculationValueByIndex[5]",
      "title" : "Get recirculation metric from row 5",
      "time" : {
        "start" : 1521067052812,
        "stop" : 1521067052919,
        "duration" : 107
      },
      "summary" : {
        "attachments" : 0,
        "steps" : 0
      },
      "status" : "PASSED",
      "attachments" : [ ],
      "steps" : [ ]
    }, {
      "name" : "getPageViewsValueByIndex[6]",
      "title" : "Get page views metric from row 6",
      "time" : {
        "start" : 1521067052920,
        "stop" : 1521067052999,
        "duration" : 79
      },
      "summary" : {
        "attachments" : 0,
        "steps" : 0
      },
      "status" : "PASSED",
      "attachments" : [ ],
      "steps" : [ ]
    }, {
      "name" : "getAverageTimeValueByIndex[6]",
      "title" : "Get average time metric from row 6",
      "time" : {
        "start" : 1521067053000,
        "stop" : 1521067053064,
        "duration" : 64
      },
      "summary" : {
        "attachments" : 0,
        "steps" : 0
      },
      "status" : "PASSED",
      "attachments" : [ ],
      "steps" : [ ]
    }, {
      "name" : "getFinishedReadingValueByIndex[6]",
      "title" : "Get finished reading metric from row 6",
      "time" : {
        "start" : 1521067053065,
        "stop" : 1521067053125,
        "duration" : 60
      },
      "summary" : {
        "attachments" : 0,
        "steps" : 0
      },
      "status" : "PASSED",
      "attachments" : [ ],
      "steps" : [ ]
    }, {
      "name" : "getRecirculationValueByIndex[6]",
      "title" : "Get recirculation metric from row 6",
      "time" : {
        "start" : 1521067053127,
        "stop" : 1521067053189,
        "duration" : 62
      },
      "summary" : {
        "attachments" : 0,
        "steps" : 0
      },
      "status" : "PASSED",
      "attachments" : [ ],
      "steps" : [ ]
    }, {
      "name" : "getPageViewsValueByIndex[7]",
      "title" : "Get page views metric from row 7",
      "time" : {
        "start" : 1521067053191,
        "stop" : 1521067053253,
        "duration" : 62
      },
      "summary" : {
        "attachments" : 0,
        "steps" : 0
      },
      "status" : "PASSED",
      "attachments" : [ ],
      "steps" : [ ]
    }, {
      "name" : "getAverageTimeValueByIndex[7]",
      "title" : "Get average time metric from row 7",
      "time" : {
        "start" : 1521067053254,
        "stop" : 1521067053317,
        "duration" : 63
      },
      "summary" : {
        "attachments" : 0,
        "steps" : 0
      },
      "status" : "PASSED",
      "attachments" : [ ],
      "steps" : [ ]
    }, {
      "name" : "getFinishedReadingValueByIndex[7]",
      "title" : "Get finished reading metric from row 7",
      "time" : {
        "start" : 1521067053318,
        "stop" : 1521067053399,
        "duration" : 81
      },
      "summary" : {
        "attachments" : 0,
        "steps" : 0
      },
      "status" : "PASSED",
      "attachments" : [ ],
      "steps" : [ ]
    }, {
      "name" : "getRecirculationValueByIndex[7]",
      "title" : "Get recirculation metric from row 7",
      "time" : {
        "start" : 1521067053400,
        "stop" : 1521067053482,
        "duration" : 82
      },
      "summary" : {
        "attachments" : 0,
        "steps" : 0
      },
      "status" : "PASSED",
      "attachments" : [ ],
      "steps" : [ ]
    }, {
      "name" : "getPageViewsValueByIndex[8]",
      "title" : "Get page views metric from row 8",
      "time" : {
        "start" : 1521067053484,
        "stop" : 1521067053584,
        "duration" : 100
      },
      "summary" : {
        "attachments" : 0,
        "steps" : 0
      },
      "status" : "PASSED",
      "attachments" : [ ],
      "steps" : [ ]
    }, {
      "name" : "getAverageTimeValueByIndex[8]",
      "title" : "Get average time metric from row 8",
      "time" : {
        "start" : 1521067053585,
        "stop" : 1521067053650,
        "duration" : 65
      },
      "summary" : {
        "attachments" : 0,
        "steps" : 0
      },
      "status" : "PASSED",
      "attachments" : [ ],
      "steps" : [ ]
    }, {
      "name" : "getFinishedReadingValueByIndex[8]",
      "title" : "Get finished reading metric from row 8",
      "time" : {
        "start" : 1521067053651,
        "stop" : 1521067053709,
        "duration" : 58
      },
      "summary" : {
        "attachments" : 0,
        "steps" : 0
      },
      "status" : "PASSED",
      "attachments" : [ ],
      "steps" : [ ]
    }, {
      "name" : "getRecirculationValueByIndex[8]",
      "title" : "Get recirculation metric from row 8",
      "time" : {
        "start" : 1521067053710,
        "stop" : 1521067053771,
        "duration" : 61
      },
      "summary" : {
        "attachments" : 0,
        "steps" : 0
      },
      "status" : "PASSED",
      "attachments" : [ ],
      "steps" : [ ]
    }, {
      "name" : "getPageViewsValueByIndex[9]",
      "title" : "Get page views metric from row 9",
      "time" : {
        "start" : 1521067053772,
        "stop" : 1521067053822,
        "duration" : 50
      },
      "summary" : {
        "attachments" : 0,
        "steps" : 0
      },
      "status" : "PASSED",
      "attachments" : [ ],
      "steps" : [ ]
    }, {
      "name" : "getAverageTimeValueByIndex[9]",
      "title" : "Get average time metric from row 9",
      "time" : {
        "start" : 1521067053823,
        "stop" : 1521067053881,
        "duration" : 58
      },
      "summary" : {
        "attachments" : 0,
        "steps" : 0
      },
      "status" : "PASSED",
      "attachments" : [ ],
      "steps" : [ ]
    }, {
      "name" : "getFinishedReadingValueByIndex[9]",
      "title" : "Get finished reading metric from row 9",
      "time" : {
        "start" : 1521067053882,
        "stop" : 1521067053945,
        "duration" : 63
      },
      "summary" : {
        "attachments" : 0,
        "steps" : 0
      },
      "status" : "PASSED",
      "attachments" : [ ],
      "steps" : [ ]
    }, {
      "name" : "getRecirculationValueByIndex[9]",
      "title" : "Get recirculation metric from row 9",
      "time" : {
        "start" : 1521067053946,
        "stop" : 1521067054016,
        "duration" : 70
      },
      "summary" : {
        "attachments" : 0,
        "steps" : 0
      },
      "status" : "PASSED",
      "attachments" : [ ],
      "steps" : [ ]
    }, {
      "name" : "getPageViewsValueByIndex[10]",
      "title" : "Get page views metric from row 10",
      "time" : {
        "start" : 1521067054017,
        "stop" : 1521067054072,
        "duration" : 55
      },
      "summary" : {
        "attachments" : 0,
        "steps" : 0
      },
      "status" : "PASSED",
      "attachments" : [ ],
      "steps" : [ ]
    }, {
      "name" : "getAverageTimeValueByIndex[10]",
      "title" : "Get average time metric from row 10",
      "time" : {
        "start" : 1521067054074,
        "stop" : 1521067054123,
        "duration" : 49
      },
      "summary" : {
        "attachments" : 0,
        "steps" : 0
      },
      "status" : "PASSED",
      "attachments" : [ ],
      "steps" : [ ]
    }, {
      "name" : "getFinishedReadingValueByIndex[10]",
      "title" : "Get finished reading metric from row 10",
      "time" : {
        "start" : 1521067054124,
        "stop" : 1521067054186,
        "duration" : 62
      },
      "summary" : {
        "attachments" : 0,
        "steps" : 0
      },
      "status" : "PASSED",
      "attachments" : [ ],
      "steps" : [ ]
    }, {
      "name" : "getRecirculationValueByIndex[10]",
      "title" : "Get recirculation metric from row 10",
      "time" : {
        "start" : 1521067054187,
        "stop" : 1521067054251,
        "duration" : 64
      },
      "summary" : {
        "attachments" : 0,
        "steps" : 0
      },
      "status" : "PASSED",
      "attachments" : [ ],
      "steps" : [ ]
    }, {
      "name" : "getPageViewsValueByIndex[11]",
      "title" : "Get page views metric from row 11",
      "time" : {
        "start" : 1521067054252,
        "stop" : 1521067054305,
        "duration" : 53
      },
      "summary" : {
        "attachments" : 0,
        "steps" : 0
      },
      "status" : "PASSED",
      "attachments" : [ ],
      "steps" : [ ]
    }, {
      "name" : "getAverageTimeValueByIndex[11]",
      "title" : "Get average time metric from row 11",
      "time" : {
        "start" : 1521067054306,
        "stop" : 1521067054366,
        "duration" : 60
      },
      "summary" : {
        "attachments" : 0,
        "steps" : 0
      },
      "status" : "PASSED",
      "attachments" : [ ],
      "steps" : [ ]
    }, {
      "name" : "getFinishedReadingValueByIndex[11]",
      "title" : "Get finished reading metric from row 11",
      "time" : {
        "start" : 1521067054367,
        "stop" : 1521067054425,
        "duration" : 58
      },
      "summary" : {
        "attachments" : 0,
        "steps" : 0
      },
      "status" : "PASSED",
      "attachments" : [ ],
      "steps" : [ ]
    }, {
      "name" : "getRecirculationValueByIndex[11]",
      "title" : "Get recirculation metric from row 11",
      "time" : {
        "start" : 1521067054427,
        "stop" : 1521067054493,
        "duration" : 66
      },
      "summary" : {
        "attachments" : 0,
        "steps" : 0
      },
      "status" : "PASSED",
      "attachments" : [ ],
      "steps" : [ ]
    }, {
      "name" : "getPageViewsValueByIndex[12]",
      "title" : "Get page views metric from row 12",
      "time" : {
        "start" : 1521067054494,
        "stop" : 1521067054556,
        "duration" : 62
      },
      "summary" : {
        "attachments" : 0,
        "steps" : 0
      },
      "status" : "PASSED",
      "attachments" : [ ],
      "steps" : [ ]
    }, {
      "name" : "getAverageTimeValueByIndex[12]",
      "title" : "Get average time metric from row 12",
      "time" : {
        "start" : 1521067054557,
        "stop" : 1521067054614,
        "duration" : 57
      },
      "summary" : {
        "attachments" : 0,
        "steps" : 0
      },
      "status" : "PASSED",
      "attachments" : [ ],
      "steps" : [ ]
    }, {
      "name" : "getFinishedReadingValueByIndex[12]",
      "title" : "Get finished reading metric from row 12",
      "time" : {
        "start" : 1521067054614,
        "stop" : 1521067054683,
        "duration" : 69
      },
      "summary" : {
        "attachments" : 0,
        "steps" : 0
      },
      "status" : "PASSED",
      "attachments" : [ ],
      "steps" : [ ]
    }, {
      "name" : "getRecirculationValueByIndex[12]",
      "title" : "Get recirculation metric from row 12",
      "time" : {
        "start" : 1521067054685,
        "stop" : 1521067054744,
        "duration" : 59
      },
      "summary" : {
        "attachments" : 0,
        "steps" : 0
      },
      "status" : "PASSED",
      "attachments" : [ ],
      "steps" : [ ]
    }, {
      "name" : "getPageViewsValueByIndex[13]",
      "title" : "Get page views metric from row 13",
      "time" : {
        "start" : 1521067054745,
        "stop" : 1521067054816,
        "duration" : 71
      },
      "summary" : {
        "attachments" : 0,
        "steps" : 0
      },
      "status" : "PASSED",
      "attachments" : [ ],
      "steps" : [ ]
    }, {
      "name" : "getAverageTimeValueByIndex[13]",
      "title" : "Get average time metric from row 13",
      "time" : {
        "start" : 1521067054817,
        "stop" : 1521067054882,
        "duration" : 65
      },
      "summary" : {
        "attachments" : 0,
        "steps" : 0
      },
      "status" : "PASSED",
      "attachments" : [ ],
      "steps" : [ ]
    }, {
      "name" : "getFinishedReadingValueByIndex[13]",
      "title" : "Get finished reading metric from row 13",
      "time" : {
        "start" : 1521067054883,
        "stop" : 1521067054969,
        "duration" : 86
      },
      "summary" : {
        "attachments" : 0,
        "steps" : 0
      },
      "status" : "PASSED",
      "attachments" : [ ],
      "steps" : [ ]
    }, {
      "name" : "getRecirculationValueByIndex[13]",
      "title" : "Get recirculation metric from row 13",
      "time" : {
        "start" : 1521067054970,
        "stop" : 1521067055054,
        "duration" : 84
      },
      "summary" : {
        "attachments" : 0,
        "steps" : 0
      },
      "status" : "PASSED",
      "attachments" : [ ],
      "steps" : [ ]
    }, {
      "name" : "getPageViewsValueByIndex[14]",
      "title" : "Get page views metric from row 14",
      "time" : {
        "start" : 1521067055055,
        "stop" : 1521067055184,
        "duration" : 129
      },
      "summary" : {
        "attachments" : 0,
        "steps" : 0
      },
      "status" : "PASSED",
      "attachments" : [ ],
      "steps" : [ ]
    }, {
      "name" : "getAverageTimeValueByIndex[14]",
      "title" : "Get average time metric from row 14",
      "time" : {
        "start" : 1521067055185,
        "stop" : 1521067055245,
        "duration" : 60
      },
      "summary" : {
        "attachments" : 0,
        "steps" : 0
      },
      "status" : "PASSED",
      "attachments" : [ ],
      "steps" : [ ]
    }, {
      "name" : "getFinishedReadingValueByIndex[14]",
      "title" : "Get finished reading metric from row 14",
      "time" : {
        "start" : 1521067055247,
        "stop" : 1521067055311,
        "duration" : 64
      },
      "summary" : {
        "attachments" : 0,
        "steps" : 0
      },
      "status" : "PASSED",
      "attachments" : [ ],
      "steps" : [ ]
    }, {
      "name" : "getRecirculationValueByIndex[14]",
      "title" : "Get recirculation metric from row 14",
      "time" : {
        "start" : 1521067055313,
        "stop" : 1521067055370,
        "duration" : 57
      },
      "summary" : {
        "attachments" : 0,
        "steps" : 0
      },
      "status" : "PASSED",
      "attachments" : [ ],
      "steps" : [ ]
    } ]
  }, {
    "name" : "assertArticlesOrder[[ArticleModel{pageViews=170, averageTime=Thu Jan 01 00:01:22 EET 1970, finishedReading=34, recircula...]",
    "title" : "Assert order of articles by metric PAGEVIEWS, from best: true",
    "time" : {
      "start" : 1521067055377,
      "stop" : 1521067055378,
      "duration" : 1
    },
    "summary" : {
      "attachments" : 0,
      "steps" : 0
    },
    "status" : "PASSED",
    "attachments" : [ ],
    "steps" : [ ]
  }, {
    "name" : "clickNext",
    "title" : "Click Next",
    "time" : {
      "start" : 1521067055380,
      "stop" : 1521067055695,
      "duration" : 315
    },
    "summary" : {
      "attachments" : 0,
      "steps" : 0
    },
    "status" : "PASSED",
    "attachments" : [ ],
    "steps" : [ ]
  }, {
    "name" : "waitForLoaderIsOff",
    "title" : "Wait until loader disappears",
    "time" : {
      "start" : 1521067055696,
      "stop" : 1521067057036,
      "duration" : 1340
    },
    "summary" : {
      "attachments" : 0,
      "steps" : 0
    },
    "status" : "PASSED",
    "attachments" : [ ],
    "steps" : [ ]
  }, {
    "name" : "getAllArticlesFromPage",
    "title" : "Get all articles metrics...",
    "time" : {
      "start" : 1521067057037,
      "stop" : 1521067061153,
      "duration" : 4116
    },
    "summary" : {
      "attachments" : 0,
      "steps" : 60
    },
    "status" : "PASSED",
    "attachments" : [ ],
    "steps" : [ {
      "name" : "getPageViewsValueByIndex[0]",
      "title" : "Get page views metric from row 0",
      "time" : {
        "start" : 1521067057081,
        "stop" : 1521067057184,
        "duration" : 103
      },
      "summary" : {
        "attachments" : 0,
        "steps" : 0
      },
      "status" : "PASSED",
      "attachments" : [ ],
      "steps" : [ ]
    }, {
      "name" : "getAverageTimeValueByIndex[0]",
      "title" : "Get average time metric from row 0",
      "time" : {
        "start" : 1521067057185,
        "stop" : 1521067057266,
        "duration" : 81
      },
      "summary" : {
        "attachments" : 0,
        "steps" : 0
      },
      "status" : "PASSED",
      "attachments" : [ ],
      "steps" : [ ]
    }, {
      "name" : "getFinishedReadingValueByIndex[0]",
      "title" : "Get finished reading metric from row 0",
      "time" : {
        "start" : 1521067057267,
        "stop" : 1521067057447,
        "duration" : 180
      },
      "summary" : {
        "attachments" : 0,
        "steps" : 0
      },
      "status" : "PASSED",
      "attachments" : [ ],
      "steps" : [ ]
    }, {
      "name" : "getRecirculationValueByIndex[0]",
      "title" : "Get recirculation metric from row 0",
      "time" : {
        "start" : 1521067057449,
        "stop" : 1521067057586,
        "duration" : 137
      },
      "summary" : {
        "attachments" : 0,
        "steps" : 0
      },
      "status" : "PASSED",
      "attachments" : [ ],
      "steps" : [ ]
    }, {
      "name" : "getPageViewsValueByIndex[1]",
      "title" : "Get page views metric from row 1",
      "time" : {
        "start" : 1521067057588,
        "stop" : 1521067057688,
        "duration" : 100
      },
      "summary" : {
        "attachments" : 0,
        "steps" : 0
      },
      "status" : "PASSED",
      "attachments" : [ ],
      "steps" : [ ]
    }, {
      "name" : "getAverageTimeValueByIndex[1]",
      "title" : "Get average time metric from row 1",
      "time" : {
        "start" : 1521067057690,
        "stop" : 1521067057765,
        "duration" : 75
      },
      "summary" : {
        "attachments" : 0,
        "steps" : 0
      },
      "status" : "PASSED",
      "attachments" : [ ],
      "steps" : [ ]
    }, {
      "name" : "getFinishedReadingValueByIndex[1]",
      "title" : "Get finished reading metric from row 1",
      "time" : {
        "start" : 1521067057768,
        "stop" : 1521067057847,
        "duration" : 79
      },
      "summary" : {
        "attachments" : 0,
        "steps" : 0
      },
      "status" : "PASSED",
      "attachments" : [ ],
      "steps" : [ ]
    }, {
      "name" : "getRecirculationValueByIndex[1]",
      "title" : "Get recirculation metric from row 1",
      "time" : {
        "start" : 1521067057848,
        "stop" : 1521067057921,
        "duration" : 73
      },
      "summary" : {
        "attachments" : 0,
        "steps" : 0
      },
      "status" : "PASSED",
      "attachments" : [ ],
      "steps" : [ ]
    }, {
      "name" : "getPageViewsValueByIndex[2]",
      "title" : "Get page views metric from row 2",
      "time" : {
        "start" : 1521067057923,
        "stop" : 1521067058020,
        "duration" : 97
      },
      "summary" : {
        "attachments" : 0,
        "steps" : 0
      },
      "status" : "PASSED",
      "attachments" : [ ],
      "steps" : [ ]
    }, {
      "name" : "getAverageTimeValueByIndex[2]",
      "title" : "Get average time metric from row 2",
      "time" : {
        "start" : 1521067058021,
        "stop" : 1521067058077,
        "duration" : 56
      },
      "summary" : {
        "attachments" : 0,
        "steps" : 0
      },
      "status" : "PASSED",
      "attachments" : [ ],
      "steps" : [ ]
    }, {
      "name" : "getFinishedReadingValueByIndex[2]",
      "title" : "Get finished reading metric from row 2",
      "time" : {
        "start" : 1521067058078,
        "stop" : 1521067058136,
        "duration" : 58
      },
      "summary" : {
        "attachments" : 0,
        "steps" : 0
      },
      "status" : "PASSED",
      "attachments" : [ ],
      "steps" : [ ]
    }, {
      "name" : "getRecirculationValueByIndex[2]",
      "title" : "Get recirculation metric from row 2",
      "time" : {
        "start" : 1521067058139,
        "stop" : 1521067058189,
        "duration" : 50
      },
      "summary" : {
        "attachments" : 0,
        "steps" : 0
      },
      "status" : "PASSED",
      "attachments" : [ ],
      "steps" : [ ]
    }, {
      "name" : "getPageViewsValueByIndex[3]",
      "title" : "Get page views metric from row 3",
      "time" : {
        "start" : 1521067058190,
        "stop" : 1521067058243,
        "duration" : 53
      },
      "summary" : {
        "attachments" : 0,
        "steps" : 0
      },
      "status" : "PASSED",
      "attachments" : [ ],
      "steps" : [ ]
    }, {
      "name" : "getAverageTimeValueByIndex[3]",
      "title" : "Get average time metric from row 3",
      "time" : {
        "start" : 1521067058245,
        "stop" : 1521067058293,
        "duration" : 48
      },
      "summary" : {
        "attachments" : 0,
        "steps" : 0
      },
      "status" : "PASSED",
      "attachments" : [ ],
      "steps" : [ ]
    }, {
      "name" : "getFinishedReadingValueByIndex[3]",
      "title" : "Get finished reading metric from row 3",
      "time" : {
        "start" : 1521067058295,
        "stop" : 1521067058354,
        "duration" : 59
      },
      "summary" : {
        "attachments" : 0,
        "steps" : 0
      },
      "status" : "PASSED",
      "attachments" : [ ],
      "steps" : [ ]
    }, {
      "name" : "getRecirculationValueByIndex[3]",
      "title" : "Get recirculation metric from row 3",
      "time" : {
        "start" : 1521067058355,
        "stop" : 1521067058419,
        "duration" : 64
      },
      "summary" : {
        "attachments" : 0,
        "steps" : 0
      },
      "status" : "PASSED",
      "attachments" : [ ],
      "steps" : [ ]
    }, {
      "name" : "getPageViewsValueByIndex[4]",
      "title" : "Get page views metric from row 4",
      "time" : {
        "start" : 1521067058420,
        "stop" : 1521067058475,
        "duration" : 55
      },
      "summary" : {
        "attachments" : 0,
        "steps" : 0
      },
      "status" : "PASSED",
      "attachments" : [ ],
      "steps" : [ ]
    }, {
      "name" : "getAverageTimeValueByIndex[4]",
      "title" : "Get average time metric from row 4",
      "time" : {
        "start" : 1521067058476,
        "stop" : 1521067058526,
        "duration" : 50
      },
      "summary" : {
        "attachments" : 0,
        "steps" : 0
      },
      "status" : "PASSED",
      "attachments" : [ ],
      "steps" : [ ]
    }, {
      "name" : "getFinishedReadingValueByIndex[4]",
      "title" : "Get finished reading metric from row 4",
      "time" : {
        "start" : 1521067058527,
        "stop" : 1521067058592,
        "duration" : 65
      },
      "summary" : {
        "attachments" : 0,
        "steps" : 0
      },
      "status" : "PASSED",
      "attachments" : [ ],
      "steps" : [ ]
    }, {
      "name" : "getRecirculationValueByIndex[4]",
      "title" : "Get recirculation metric from row 4",
      "time" : {
        "start" : 1521067058593,
        "stop" : 1521067058656,
        "duration" : 63
      },
      "summary" : {
        "attachments" : 0,
        "steps" : 0
      },
      "status" : "PASSED",
      "attachments" : [ ],
      "steps" : [ ]
    }, {
      "name" : "getPageViewsValueByIndex[5]",
      "title" : "Get page views metric from row 5",
      "time" : {
        "start" : 1521067058657,
        "stop" : 1521067058711,
        "duration" : 54
      },
      "summary" : {
        "attachments" : 0,
        "steps" : 0
      },
      "status" : "PASSED",
      "attachments" : [ ],
      "steps" : [ ]
    }, {
      "name" : "getAverageTimeValueByIndex[5]",
      "title" : "Get average time metric from row 5",
      "time" : {
        "start" : 1521067058712,
        "stop" : 1521067058766,
        "duration" : 54
      },
      "summary" : {
        "attachments" : 0,
        "steps" : 0
      },
      "status" : "PASSED",
      "attachments" : [ ],
      "steps" : [ ]
    }, {
      "name" : "getFinishedReadingValueByIndex[5]",
      "title" : "Get finished reading metric from row 5",
      "time" : {
        "start" : 1521067058766,
        "stop" : 1521067058831,
        "duration" : 65
      },
      "summary" : {
        "attachments" : 0,
        "steps" : 0
      },
      "status" : "PASSED",
      "attachments" : [ ],
      "steps" : [ ]
    }, {
      "name" : "getRecirculationValueByIndex[5]",
      "title" : "Get recirculation metric from row 5",
      "time" : {
        "start" : 1521067058832,
        "stop" : 1521067058889,
        "duration" : 57
      },
      "summary" : {
        "attachments" : 0,
        "steps" : 0
      },
      "status" : "PASSED",
      "attachments" : [ ],
      "steps" : [ ]
    }, {
      "name" : "getPageViewsValueByIndex[6]",
      "title" : "Get page views metric from row 6",
      "time" : {
        "start" : 1521067058891,
        "stop" : 1521067058949,
        "duration" : 58
      },
      "summary" : {
        "attachments" : 0,
        "steps" : 0
      },
      "status" : "PASSED",
      "attachments" : [ ],
      "steps" : [ ]
    }, {
      "name" : "getAverageTimeValueByIndex[6]",
      "title" : "Get average time metric from row 6",
      "time" : {
        "start" : 1521067058950,
        "stop" : 1521067059003,
        "duration" : 53
      },
      "summary" : {
        "attachments" : 0,
        "steps" : 0
      },
      "status" : "PASSED",
      "attachments" : [ ],
      "steps" : [ ]
    }, {
      "name" : "getFinishedReadingValueByIndex[6]",
      "title" : "Get finished reading metric from row 6",
      "time" : {
        "start" : 1521067059003,
        "stop" : 1521067059065,
        "duration" : 62
      },
      "summary" : {
        "attachments" : 0,
        "steps" : 0
      },
      "status" : "PASSED",
      "attachments" : [ ],
      "steps" : [ ]
    }, {
      "name" : "getRecirculationValueByIndex[6]",
      "title" : "Get recirculation metric from row 6",
      "time" : {
        "start" : 1521067059066,
        "stop" : 1521067059127,
        "duration" : 61
      },
      "summary" : {
        "attachments" : 0,
        "steps" : 0
      },
      "status" : "PASSED",
      "attachments" : [ ],
      "steps" : [ ]
    }, {
      "name" : "getPageViewsValueByIndex[7]",
      "title" : "Get page views metric from row 7",
      "time" : {
        "start" : 1521067059129,
        "stop" : 1521067059191,
        "duration" : 62
      },
      "summary" : {
        "attachments" : 0,
        "steps" : 0
      },
      "status" : "PASSED",
      "attachments" : [ ],
      "steps" : [ ]
    }, {
      "name" : "getAverageTimeValueByIndex[7]",
      "title" : "Get average time metric from row 7",
      "time" : {
        "start" : 1521067059192,
        "stop" : 1521067059242,
        "duration" : 50
      },
      "summary" : {
        "attachments" : 0,
        "steps" : 0
      },
      "status" : "PASSED",
      "attachments" : [ ],
      "steps" : [ ]
    }, {
      "name" : "getFinishedReadingValueByIndex[7]",
      "title" : "Get finished reading metric from row 7",
      "time" : {
        "start" : 1521067059244,
        "stop" : 1521067059305,
        "duration" : 61
      },
      "summary" : {
        "attachments" : 0,
        "steps" : 0
      },
      "status" : "PASSED",
      "attachments" : [ ],
      "steps" : [ ]
    }, {
      "name" : "getRecirculationValueByIndex[7]",
      "title" : "Get recirculation metric from row 7",
      "time" : {
        "start" : 1521067059306,
        "stop" : 1521067059376,
        "duration" : 70
      },
      "summary" : {
        "attachments" : 0,
        "steps" : 0
      },
      "status" : "PASSED",
      "attachments" : [ ],
      "steps" : [ ]
    }, {
      "name" : "getPageViewsValueByIndex[8]",
      "title" : "Get page views metric from row 8",
      "time" : {
        "start" : 1521067059377,
        "stop" : 1521067059436,
        "duration" : 59
      },
      "summary" : {
        "attachments" : 0,
        "steps" : 0
      },
      "status" : "PASSED",
      "attachments" : [ ],
      "steps" : [ ]
    }, {
      "name" : "getAverageTimeValueByIndex[8]",
      "title" : "Get average time metric from row 8",
      "time" : {
        "start" : 1521067059437,
        "stop" : 1521067059495,
        "duration" : 58
      },
      "summary" : {
        "attachments" : 0,
        "steps" : 0
      },
      "status" : "PASSED",
      "attachments" : [ ],
      "steps" : [ ]
    }, {
      "name" : "getFinishedReadingValueByIndex[8]",
      "title" : "Get finished reading metric from row 8",
      "time" : {
        "start" : 1521067059496,
        "stop" : 1521067059553,
        "duration" : 57
      },
      "summary" : {
        "attachments" : 0,
        "steps" : 0
      },
      "status" : "PASSED",
      "attachments" : [ ],
      "steps" : [ ]
    }, {
      "name" : "getRecirculationValueByIndex[8]",
      "title" : "Get recirculation metric from row 8",
      "time" : {
        "start" : 1521067059554,
        "stop" : 1521067059615,
        "duration" : 61
      },
      "summary" : {
        "attachments" : 0,
        "steps" : 0
      },
      "status" : "PASSED",
      "attachments" : [ ],
      "steps" : [ ]
    }, {
      "name" : "getPageViewsValueByIndex[9]",
      "title" : "Get page views metric from row 9",
      "time" : {
        "start" : 1521067059617,
        "stop" : 1521067059682,
        "duration" : 65
      },
      "summary" : {
        "attachments" : 0,
        "steps" : 0
      },
      "status" : "PASSED",
      "attachments" : [ ],
      "steps" : [ ]
    }, {
      "name" : "getAverageTimeValueByIndex[9]",
      "title" : "Get average time metric from row 9",
      "time" : {
        "start" : 1521067059683,
        "stop" : 1521067059734,
        "duration" : 51
      },
      "summary" : {
        "attachments" : 0,
        "steps" : 0
      },
      "status" : "PASSED",
      "attachments" : [ ],
      "steps" : [ ]
    }, {
      "name" : "getFinishedReadingValueByIndex[9]",
      "title" : "Get finished reading metric from row 9",
      "time" : {
        "start" : 1521067059736,
        "stop" : 1521067059798,
        "duration" : 62
      },
      "summary" : {
        "attachments" : 0,
        "steps" : 0
      },
      "status" : "PASSED",
      "attachments" : [ ],
      "steps" : [ ]
    }, {
      "name" : "getRecirculationValueByIndex[9]",
      "title" : "Get recirculation metric from row 9",
      "time" : {
        "start" : 1521067059799,
        "stop" : 1521067059884,
        "duration" : 85
      },
      "summary" : {
        "attachments" : 0,
        "steps" : 0
      },
      "status" : "PASSED",
      "attachments" : [ ],
      "steps" : [ ]
    }, {
      "name" : "getPageViewsValueByIndex[10]",
      "title" : "Get page views metric from row 10",
      "time" : {
        "start" : 1521067059885,
        "stop" : 1521067059945,
        "duration" : 60
      },
      "summary" : {
        "attachments" : 0,
        "steps" : 0
      },
      "status" : "PASSED",
      "attachments" : [ ],
      "steps" : [ ]
    }, {
      "name" : "getAverageTimeValueByIndex[10]",
      "title" : "Get average time metric from row 10",
      "time" : {
        "start" : 1521067059946,
        "stop" : 1521067060002,
        "duration" : 56
      },
      "summary" : {
        "attachments" : 0,
        "steps" : 0
      },
      "status" : "PASSED",
      "attachments" : [ ],
      "steps" : [ ]
    }, {
      "name" : "getFinishedReadingValueByIndex[10]",
      "title" : "Get finished reading metric from row 10",
      "time" : {
        "start" : 1521067060003,
        "stop" : 1521067060075,
        "duration" : 72
      },
      "summary" : {
        "attachments" : 0,
        "steps" : 0
      },
      "status" : "PASSED",
      "attachments" : [ ],
      "steps" : [ ]
    }, {
      "name" : "getRecirculationValueByIndex[10]",
      "title" : "Get recirculation metric from row 10",
      "time" : {
        "start" : 1521067060076,
        "stop" : 1521067060141,
        "duration" : 65
      },
      "summary" : {
        "attachments" : 0,
        "steps" : 0
      },
      "status" : "PASSED",
      "attachments" : [ ],
      "steps" : [ ]
    }, {
      "name" : "getPageViewsValueByIndex[11]",
      "title" : "Get page views metric from row 11",
      "time" : {
        "start" : 1521067060143,
        "stop" : 1521067060193,
        "duration" : 50
      },
      "summary" : {
        "attachments" : 0,
        "steps" : 0
      },
      "status" : "PASSED",
      "attachments" : [ ],
      "steps" : [ ]
    }, {
      "name" : "getAverageTimeValueByIndex[11]",
      "title" : "Get average time metric from row 11",
      "time" : {
        "start" : 1521067060194,
        "stop" : 1521067060247,
        "duration" : 53
      },
      "summary" : {
        "attachments" : 0,
        "steps" : 0
      },
      "status" : "PASSED",
      "attachments" : [ ],
      "steps" : [ ]
    }, {
      "name" : "getFinishedReadingValueByIndex[11]",
      "title" : "Get finished reading metric from row 11",
      "time" : {
        "start" : 1521067060248,
        "stop" : 1521067060310,
        "duration" : 62
      },
      "summary" : {
        "attachments" : 0,
        "steps" : 0
      },
      "status" : "PASSED",
      "attachments" : [ ],
      "steps" : [ ]
    }, {
      "name" : "getRecirculationValueByIndex[11]",
      "title" : "Get recirculation metric from row 11",
      "time" : {
        "start" : 1521067060312,
        "stop" : 1521067060370,
        "duration" : 58
      },
      "summary" : {
        "attachments" : 0,
        "steps" : 0
      },
      "status" : "PASSED",
      "attachments" : [ ],
      "steps" : [ ]
    }, {
      "name" : "getPageViewsValueByIndex[12]",
      "title" : "Get page views metric from row 12",
      "time" : {
        "start" : 1521067060372,
        "stop" : 1521067060431,
        "duration" : 59
      },
      "summary" : {
        "attachments" : 0,
        "steps" : 0
      },
      "status" : "PASSED",
      "attachments" : [ ],
      "steps" : [ ]
    }, {
      "name" : "getAverageTimeValueByIndex[12]",
      "title" : "Get average time metric from row 12",
      "time" : {
        "start" : 1521067060432,
        "stop" : 1521067060509,
        "duration" : 77
      },
      "summary" : {
        "attachments" : 0,
        "steps" : 0
      },
      "status" : "PASSED",
      "attachments" : [ ],
      "steps" : [ ]
    }, {
      "name" : "getFinishedReadingValueByIndex[12]",
      "title" : "Get finished reading metric from row 12",
      "time" : {
        "start" : 1521067060511,
        "stop" : 1521067060577,
        "duration" : 66
      },
      "summary" : {
        "attachments" : 0,
        "steps" : 0
      },
      "status" : "PASSED",
      "attachments" : [ ],
      "steps" : [ ]
    }, {
      "name" : "getRecirculationValueByIndex[12]",
      "title" : "Get recirculation metric from row 12",
      "time" : {
        "start" : 1521067060579,
        "stop" : 1521067060652,
        "duration" : 73
      },
      "summary" : {
        "attachments" : 0,
        "steps" : 0
      },
      "status" : "PASSED",
      "attachments" : [ ],
      "steps" : [ ]
    }, {
      "name" : "getPageViewsValueByIndex[13]",
      "title" : "Get page views metric from row 13",
      "time" : {
        "start" : 1521067060653,
        "stop" : 1521067060709,
        "duration" : 56
      },
      "summary" : {
        "attachments" : 0,
        "steps" : 0
      },
      "status" : "PASSED",
      "attachments" : [ ],
      "steps" : [ ]
    }, {
      "name" : "getAverageTimeValueByIndex[13]",
      "title" : "Get average time metric from row 13",
      "time" : {
        "start" : 1521067060710,
        "stop" : 1521067060762,
        "duration" : 52
      },
      "summary" : {
        "attachments" : 0,
        "steps" : 0
      },
      "status" : "PASSED",
      "attachments" : [ ],
      "steps" : [ ]
    }, {
      "name" : "getFinishedReadingValueByIndex[13]",
      "title" : "Get finished reading metric from row 13",
      "time" : {
        "start" : 1521067060763,
        "stop" : 1521067060824,
        "duration" : 61
      },
      "summary" : {
        "attachments" : 0,
        "steps" : 0
      },
      "status" : "PASSED",
      "attachments" : [ ],
      "steps" : [ ]
    }, {
      "name" : "getRecirculationValueByIndex[13]",
      "title" : "Get recirculation metric from row 13",
      "time" : {
        "start" : 1521067060825,
        "stop" : 1521067060885,
        "duration" : 60
      },
      "summary" : {
        "attachments" : 0,
        "steps" : 0
      },
      "status" : "PASSED",
      "attachments" : [ ],
      "steps" : [ ]
    }, {
      "name" : "getPageViewsValueByIndex[14]",
      "title" : "Get page views metric from row 14",
      "time" : {
        "start" : 1521067060887,
        "stop" : 1521067060942,
        "duration" : 55
      },
      "summary" : {
        "attachments" : 0,
        "steps" : 0
      },
      "status" : "PASSED",
      "attachments" : [ ],
      "steps" : [ ]
    }, {
      "name" : "getAverageTimeValueByIndex[14]",
      "title" : "Get average time metric from row 14",
      "time" : {
        "start" : 1521067060944,
        "stop" : 1521067061001,
        "duration" : 57
      },
      "summary" : {
        "attachments" : 0,
        "steps" : 0
      },
      "status" : "PASSED",
      "attachments" : [ ],
      "steps" : [ ]
    }, {
      "name" : "getFinishedReadingValueByIndex[14]",
      "title" : "Get finished reading metric from row 14",
      "time" : {
        "start" : 1521067061002,
        "stop" : 1521067061060,
        "duration" : 58
      },
      "summary" : {
        "attachments" : 0,
        "steps" : 0
      },
      "status" : "PASSED",
      "attachments" : [ ],
      "steps" : [ ]
    }, {
      "name" : "getRecirculationValueByIndex[14]",
      "title" : "Get recirculation metric from row 14",
      "time" : {
        "start" : 1521067061062,
        "stop" : 1521067061153,
        "duration" : 91
      },
      "summary" : {
        "attachments" : 0,
        "steps" : 0
      },
      "status" : "PASSED",
      "attachments" : [ ],
      "steps" : [ ]
    } ]
  }, {
    "name" : "assertArticlesOrder[[ArticleModel{pageViews=60, averageTime=Thu Jan 01 00:00:34 EET 1970, finishedReading=58, recirculat...]",
    "title" : "Assert order of articles by metric PAGEVIEWS, from best: true",
    "time" : {
      "start" : 1521067061154,
      "stop" : 1521067061154,
      "duration" : 0
    },
    "summary" : {
      "attachments" : 0,
      "steps" : 0
    },
    "status" : "PASSED",
    "attachments" : [ ],
    "steps" : [ ]
  } ],
  "attachments" : [ ],
  "issues" : [ ],
  "labels" : [ {
    "name" : "host",
    "value" : "ALEX"
  }, {
    "name" : "feature",
    "value" : "Desktop check sorting by metrics (Task 4)"
  }, {
    "name" : "framework",
    "value" : "TestNG"
  }, {
    "name" : "suite-title",
    "value" : "TestTask : reportingTests"
  }, {
    "name" : "language",
    "value" : "JAVA"
  }, {
    "name" : "story",
    "value" : "Google Chrome"
  }, {
    "name" : "suite-name",
    "value" : "TestTask : reportingTests"
  }, {
    "name" : "thread",
    "value" : "10320@ALEX.main(1)"
  } ],
  "parameters" : [ ]
}