{
  "uid" : "f00a0d111b7ce776",
  "name" : "verifyPageViewsTracking[https://ruhighload.com/%d0%9e%d1%88%d0%b8%d0%b1%d0%ba%d0%b0+upstream+timed+out+%d0%b2+nginx]",
  "title" : "Verify page views tracking [https://ruhighload.com/%d0%9e%d1%88%d0%b8%d0%b1%d0%ba%d0%b0+upstream+timed+out+%d0%b2+nginx]",
  "time" : {
    "start" : 1521067174983,
    "stop" : 1521067175665,
    "duration" : 682
  },
  "summary" : {
    "attachments" : 0,
    "steps" : 7
  },
  "failure" : null,
  "description" : null,
  "severity" : "NORMAL",
  "status" : "PASSED",
  "testId" : null,
  "suite" : {
    "uid" : "3d2fbddd6c79e0ae",
    "name" : "TestTask : ruHighloadTestsDataTracking",
    "title" : "TestTask : ruHighloadTestsDataTracking"
  },
  "steps" : [ {
    "name" : "clickBack",
    "title" : "Click Back",
    "time" : {
      "start" : 1521067164197,
      "stop" : 1521067164617,
      "duration" : 420
    },
    "summary" : {
      "attachments" : 0,
      "steps" : 0
    },
    "status" : "PASSED",
    "attachments" : [ ],
    "steps" : [ ]
  }, {
    "name" : "waitForLoaderIsOff",
    "title" : "Wait until loader disappears",
    "time" : {
      "start" : 1521067164618,
      "stop" : 1521067167066,
      "duration" : 2448
    },
    "summary" : {
      "attachments" : 0,
      "steps" : 0
    },
    "status" : "PASSED",
    "attachments" : [ ],
    "steps" : [ ]
  }, {
    "name" : "getDriver",
    "title" : "Start CHROME",
    "time" : {
      "start" : 1521067171153,
      "stop" : 1521067173571,
      "duration" : 2418
    },
    "summary" : {
      "attachments" : 0,
      "steps" : 0
    },
    "status" : "PASSED",
    "attachments" : [ ],
    "steps" : [ ]
  }, {
    "name" : "get[https://ruhighload.com/]",
    "title" : "Get URL: https://ruhighload.com/",
    "time" : {
      "start" : 1521067173573,
      "stop" : 1521067174862,
      "duration" : 1289
    },
    "summary" : {
      "attachments" : 0,
      "steps" : 0
    },
    "status" : "PASSED",
    "attachments" : [ ],
    "steps" : [ ]
  }, {
    "name" : "getArticlesUrlsList[3]",
    "title" : "Get all articles URLs",
    "time" : {
      "start" : 1521067174863,
      "stop" : 1521067174982,
      "duration" : 119
    },
    "summary" : {
      "attachments" : 0,
      "steps" : 0
    },
    "status" : "PASSED",
    "attachments" : [ ],
    "steps" : [ ]
  }, {
    "name" : "get[https://ruhighload.com/%d0%9e%d1%88%d0%b8%d0%b1%d0%ba%d0%b0+upstream+timed+out+%d0%b2+nginx]",
    "title" : "Get URL: https://ruhighload.com/%d0%9e%d1%88%d0%b8%d0%b1%d0%ba%d0%b0+upstream+timed+out+%d0%b2+nginx",
    "time" : {
      "start" : 1521067174984,
      "stop" : 1521067175431,
      "duration" : 447
    },
    "summary" : {
      "attachments" : 0,
      "steps" : 0
    },
    "status" : "PASSED",
    "attachments" : [ ],
    "steps" : [ ]
  }, {
    "name" : "AssertPerformanceLogEntry[[{\"message\":{\"method\":\"Page.frameAttached\",\"params\":{\"frameId\":\"(1DE8BBEA6DDF326B83436C61B1571...]",
    "title" : "Assert performance log contains: GET https://tt.onthe.io/?k[]=28:pageviews",
    "time" : {
      "start" : 1521067175552,
      "stop" : 1521067175665,
      "duration" : 113
    },
    "summary" : {
      "attachments" : 0,
      "steps" : 0
    },
    "status" : "PASSED",
    "attachments" : [ ],
    "steps" : [ ]
  } ],
  "attachments" : [ ],
  "issues" : [ ],
  "labels" : [ {
    "name" : "language",
    "value" : "JAVA"
  }, {
    "name" : "story",
    "value" : "Google Chrome"
  }, {
    "name" : "framework",
    "value" : "TestNG"
  }, {
    "name" : "suite-title",
    "value" : "TestTask : ruHighloadTestsDataTracking"
  }, {
    "name" : "suite-name",
    "value" : "TestTask : ruHighloadTestsDataTracking"
  }, {
    "name" : "host",
    "value" : "ALEX"
  }, {
    "name" : "feature",
    "value" : "Desktop check of data tracking (Task 5)"
  }, {
    "name" : "thread",
    "value" : "10320@ALEX.main(1)"
  } ],
  "parameters" : [ ]
}