{
  "uid" : "fda228e626c9577f",
  "name" : "verifyTimeFramesSwitch[TODAY]",
  "title" : "Verify time frames switch [TODAY]",
  "time" : {
    "start" : 1521066963486,
    "stop" : 1521066965703,
    "duration" : 2217
  },
  "summary" : {
    "attachments" : 0,
    "steps" : 3
  },
  "failure" : null,
  "description" : null,
  "severity" : "NORMAL",
  "status" : "PASSED",
  "testId" : null,
  "suite" : {
    "uid" : "ff2847323540eebb",
    "name" : "TestTask : reportingTests",
    "title" : "TestTask : reportingTests"
  },
  "steps" : [ {
    "name" : "chooseTimeFrame[TODAY]",
    "title" : "Choose time frame - TODAY",
    "time" : {
      "start" : 1521066963488,
      "stop" : 1521066964357,
      "duration" : 869
    },
    "summary" : {
      "attachments" : 0,
      "steps" : 0
    },
    "status" : "PASSED",
    "attachments" : [ ],
    "steps" : [ ]
  }, {
    "name" : "waitForLoaderIsOff",
    "title" : "Wait until loader disappears",
    "time" : {
      "start" : 1521066964359,
      "stop" : 1521066965603,
      "duration" : 1244
    },
    "summary" : {
      "attachments" : 0,
      "steps" : 0
    },
    "status" : "PASSED",
    "attachments" : [ ],
    "steps" : [ ]
  }, {
    "name" : "getActiveTimeFrame",
    "title" : "Get active time frame",
    "time" : {
      "start" : 1521066965606,
      "stop" : 1521066965703,
      "duration" : 97
    },
    "summary" : {
      "attachments" : 0,
      "steps" : 0
    },
    "status" : "PASSED",
    "attachments" : [ ],
    "steps" : [ ]
  } ],
  "attachments" : [ ],
  "issues" : [ ],
  "labels" : [ {
    "name" : "suite-title",
    "value" : "TestTask : reportingTests"
  }, {
    "name" : "host",
    "value" : "ALEX"
  }, {
    "name" : "thread",
    "value" : "10320@ALEX.main(1)"
  }, {
    "name" : "framework",
    "value" : "TestNG"
  }, {
    "name" : "suite-name",
    "value" : "TestTask : reportingTests"
  }, {
    "name" : "language",
    "value" : "JAVA"
  }, {
    "name" : "feature",
    "value" : "Desktop check of time frames switching (Task 2)"
  }, {
    "name" : "story",
    "value" : "Google Chrome"
  } ],
  "parameters" : [ ]
}