{
  "testCases" : [ {
    "uid" : "f00a0d111b7ce776",
    "name" : "verifyPageViewsTracking[https://ruhighload.com/%d0%9e%d1%88%d0%b8%d0%b1%d0%ba%d0%b0+upstream+timed+out+%d0%b2+nginx]",
    "title" : "Verify page views tracking [https://ruhighload.com/%d0%9e%d1%88%d0%b8%d0%b1%d0%ba%d0%b0+upstream+timed+out+%d0%b2+nginx]",
    "time" : {
      "start" : 1521067174983,
      "stop" : 1521067175665,
      "duration" : 682
    },
    "severity" : "NORMAL",
    "status" : "PASSED"
  }, {
    "uid" : "5a691cdc3772ae25",
    "name" : "verifyPageViewsTracking[https://ruhighload.com/%d0%9e%d1%88%d0%b8%d0%b1%d0%ba%d0%b0+504+gateway+time-out+%d0%b2+nginx]",
    "title" : "Verify page views tracking [https://ruhighload.com/%d0%9e%d1%88%d0%b8%d0%b1%d0%ba%d0%b0+504+gateway+time-out+%d0%b2+nginx]",
    "time" : {
      "start" : 1521067175667,
      "stop" : 1521067176020,
      "duration" : 353
    },
    "severity" : "NORMAL",
    "status" : "PASSED"
  }, {
    "uid" : "9522b3e57cf1a947",
    "name" : "verifyPageViewsTracking[https://ruhighload.com/%d0%9a%d0%b0%d0%ba+%d1%83%d0%b7%d0%bd%d0%b0%d1%82%d1%8c+%d0%b2%d0%b5%d1%80%d1%81%d0%b8%d1%8e+mysql]",
    "title" : "Verify page views tracking [https://ruhighload.com/%d0%9a%d0%b0%d0%ba+%d1%83%d0%b7%d0%bd%d0%b0%d1%82%d1%8c+%d0%b2%d0%b5%d1%80%d1%81%d0%b8%d1%8e+mysql]",
    "time" : {
      "start" : 1521067176023,
      "stop" : 1521067176364,
      "duration" : 341
    },
    "severity" : "NORMAL",
    "status" : "PASSED"
  }, {
    "uid" : "aa7637afcd04b449",
    "name" : "verifyArticlesOption",
    "title" : "Verify articles option",
    "time" : {
      "start" : 1521066929497,
      "stop" : 1521066932256,
      "duration" : 2759
    },
    "severity" : "NORMAL",
    "status" : "PASSED"
  }, {
    "uid" : "a0c8881e296b6772",
    "name" : "verifyAuthorsOption",
    "title" : "Verify authors option",
    "time" : {
      "start" : 1521066932270,
      "stop" : 1521066933098,
      "duration" : 828
    },
    "severity" : "NORMAL",
    "status" : "PASSED"
  }, {
    "uid" : "bcf9f562fb9c48cf",
    "name" : "verifyHomeOption",
    "title" : "Verify home option",
    "time" : {
      "start" : 1521066933111,
      "stop" : 1521066933529,
      "duration" : 418
    },
    "severity" : "NORMAL",
    "status" : "PASSED"
  }, {
    "uid" : "66c24ddd0dd5e706",
    "name" : "verifyTvDashboardOption",
    "title" : "Verify tv dashboard option",
    "time" : {
      "start" : 1521066933538,
      "stop" : 1521066935775,
      "duration" : 2237
    },
    "severity" : "NORMAL",
    "status" : "PASSED"
  }, {
    "uid" : "484e4a60a5617a58",
    "name" : "verifyTimeFramesSwitch[REALTIME]",
    "title" : "Verify time frames switch [REALTIME]",
    "time" : {
      "start" : 1521066957681,
      "stop" : 1521066958946,
      "duration" : 1265
    },
    "severity" : "NORMAL",
    "status" : "PASSED"
  }, {
    "uid" : "2289061cfc2cb21",
    "name" : "verifyTimeFramesSwitch[NOW]",
    "title" : "Verify time frames switch [NOW]",
    "time" : {
      "start" : 1521066958948,
      "stop" : 1521066961602,
      "duration" : 2654
    },
    "severity" : "NORMAL",
    "status" : "PASSED"
  }, {
    "uid" : "47cad8b239101dd8",
    "name" : "verifyTimeFramesSwitch[HOUR]",
    "title" : "Verify time frames switch [HOUR]",
    "time" : {
      "start" : 1521066961606,
      "stop" : 1521066963484,
      "duration" : 1878
    },
    "severity" : "NORMAL",
    "status" : "PASSED"
  }, {
    "uid" : "fda228e626c9577f",
    "name" : "verifyTimeFramesSwitch[TODAY]",
    "title" : "Verify time frames switch [TODAY]",
    "time" : {
      "start" : 1521066963486,
      "stop" : 1521066965703,
      "duration" : 2217
    },
    "severity" : "NORMAL",
    "status" : "PASSED"
  }, {
    "uid" : "aa9d8b3d54a25ecd",
    "name" : "verifyTimeFramesSwitch[YESTERDAY]",
    "title" : "Verify time frames switch [YESTERDAY]",
    "time" : {
      "start" : 1521066965706,
      "stop" : 1521066967323,
      "duration" : 1617
    },
    "severity" : "NORMAL",
    "status" : "PASSED"
  }, {
    "uid" : "821505c9a95e3637",
    "name" : "verifyTimeFramesSwitch[WEEK]",
    "title" : "Verify time frames switch [WEEK]",
    "time" : {
      "start" : 1521066967326,
      "stop" : 1521066972417,
      "duration" : 5091
    },
    "severity" : "NORMAL",
    "status" : "PASSED"
  }, {
    "uid" : "11631db711736c3",
    "name" : "verifyTimeFramesSwitch[MONTH]",
    "title" : "Verify time frames switch [MONTH]",
    "time" : {
      "start" : 1521066972420,
      "stop" : 1521066974950,
      "duration" : 2530
    },
    "severity" : "NORMAL",
    "status" : "PASSED"
  }, {
    "uid" : "4f195588c8ab76a6",
    "name" : "verifyAuthorsFilter[Den Golotyuk]",
    "title" : "Verify authors filter [Den Golotyuk]",
    "time" : {
      "start" : 1521067003886,
      "stop" : 1521067008479,
      "duration" : 4593
    },
    "severity" : "NORMAL",
    "status" : "PASSED"
  }, {
    "uid" : "4eb44d0bd5de06b7",
    "name" : "verifyAuthorsFilter[team]",
    "title" : "Verify authors filter [team]",
    "time" : {
      "start" : 1521067012559,
      "stop" : 1521067013480,
      "duration" : 921
    },
    "severity" : "NORMAL",
    "status" : "PASSED"
  }, {
    "uid" : "8b08940176eeb47a",
    "name" : "verifyAuthorsFilter[# Серверная]",
    "title" : "Verify authors filter [# Серверная]",
    "time" : {
      "start" : 1521067015819,
      "stop" : 1521067016834,
      "duration" : 1015
    },
    "severity" : "NORMAL",
    "status" : "PASSED"
  }, {
    "uid" : "225e43cdf21983d4",
    "name" : "verifyAuthorsFilter[# Масштабирование]",
    "title" : "Verify authors filter [# Масштабирование]",
    "time" : {
      "start" : 1521067019385,
      "stop" : 1521067020901,
      "duration" : 1516
    },
    "severity" : "NORMAL",
    "status" : "PASSED"
  }, {
    "uid" : "15e3b645d43af07b",
    "name" : "verifyAuthorsFilter[https//neoshibka.ru/oshibka-400-bad-request/ | neoshibka.ru | neoshibka.ru | !old.source]",
    "title" : "Verify authors filter [https//neoshibka.ru/oshibka-400-bad-request/ | neoshibka.ru | neoshibka.ru | !old.source]",
    "time" : {
      "start" : 1521067022860,
      "stop" : 1521067023449,
      "duration" : 589
    },
    "severity" : "NORMAL",
    "status" : "PASSED"
  }, {
    "uid" : "91121c9e7f1d9d20",
    "name" : "verifyAuthorsFilter[# Браузерная]",
    "title" : "Verify authors filter [# Браузерная]",
    "time" : {
      "start" : 1521067025351,
      "stop" : 1521067026371,
      "duration" : 1020
    },
    "severity" : "NORMAL",
    "status" : "PASSED"
  }, {
    "uid" : "d562dbf2015237df",
    "name" : "verifySortingByMetricsFromBest[PAGEVIEWS]",
    "title" : "Verify sorting by metrics from best [PAGEVIEWS]",
    "time" : {
      "start" : 1521067047067,
      "stop" : 1521067061155,
      "duration" : 14088
    },
    "severity" : "NORMAL",
    "status" : "PASSED"
  }, {
    "uid" : "34ade4dd0bb6a3f3",
    "name" : "verifySortingByMetricsFromBest[AVERAGE_TIME]",
    "title" : "Verify sorting by metrics from best [AVERAGE_TIME]",
    "time" : {
      "start" : 1521067062620,
      "stop" : 1521067074680,
      "duration" : 12060
    },
    "severity" : "NORMAL",
    "status" : "PASSED"
  }, {
    "uid" : "229d1e2876106741",
    "name" : "verifySortingByMetricsFromBest[FINISHED_READING]",
    "title" : "Verify sorting by metrics from best [FINISHED_READING]",
    "time" : {
      "start" : 1521067075944,
      "stop" : 1521067088050,
      "duration" : 12106
    },
    "severity" : "NORMAL",
    "status" : "PASSED"
  }, {
    "uid" : "1878212adf41f75",
    "name" : "verifySortingByMetricsFromBest[RECIRCULATION]",
    "title" : "Verify sorting by metrics from best [RECIRCULATION]",
    "time" : {
      "start" : 1521067089475,
      "stop" : 1521067102652,
      "duration" : 13177
    },
    "severity" : "NORMAL",
    "status" : "PASSED"
  }, {
    "uid" : "4bb69fdeb6dd9a25",
    "name" : "verifySortingByMetricsFromWorst[PAGEVIEWS]",
    "title" : "Verify sorting by metrics from worst [PAGEVIEWS]",
    "time" : {
      "start" : 1521067105520,
      "stop" : 1521067118881,
      "duration" : 13361
    },
    "severity" : "NORMAL",
    "status" : "PASSED"
  }, {
    "uid" : "199e003fbc1be428",
    "name" : "verifySortingByMetricsFromWorst[AVERAGE_TIME]",
    "title" : "Verify sorting by metrics from worst [AVERAGE_TIME]",
    "time" : {
      "start" : 1521067120209,
      "stop" : 1521067133880,
      "duration" : 13671
    },
    "severity" : "NORMAL",
    "status" : "PASSED"
  }, {
    "uid" : "decf3fbc784045d3",
    "name" : "verifySortingByMetricsFromWorst[FINISHED_READING]",
    "title" : "Verify sorting by metrics from worst [FINISHED_READING]",
    "time" : {
      "start" : 1521067135277,
      "stop" : 1521067148613,
      "duration" : 13336
    },
    "severity" : "NORMAL",
    "status" : "PASSED"
  }, {
    "uid" : "c36fb8cff3edbc80",
    "name" : "verifySortingByMetricsFromWorst[RECIRCULATION]",
    "title" : "Verify sorting by metrics from worst [RECIRCULATION]",
    "time" : {
      "start" : 1521067151537,
      "stop" : 1521067164195,
      "duration" : 12658
    },
    "severity" : "NORMAL",
    "status" : "PASSED"
  } ]
}