{
  "hash" : "9ae4a52f46fbba0c959575303f697deb73e72d63",
  "data" : [ {
    "statistic" : {
      "total" : 28,
      "passed" : 28,
      "pending" : 0,
      "canceled" : 0,
      "failed" : 0,
      "broken" : 0
    },
    "time" : {
      "start" : 1521066929497,
      "stop" : 1521067176364,
      "duration" : 246867
    },
    "name" : "total",
    "type" : "TOTAL"
  }, {
    "name" : "defects",
    "type" : "DEFECTS",
    "data" : [ {
      "count" : 0,
      "message" : "There are no defects!",
      "status" : "PASSED"
    } ]
  }, {
    "name" : "xunit",
    "type" : "TITLE_STATISTICS",
    "data" : [ {
      "title" : "TestTask : reportingTests",
      "statistic" : {
        "total" : 25,
        "passed" : 25,
        "pending" : 0,
        "canceled" : 0,
        "failed" : 0,
        "broken" : 0
      }
    }, {
      "title" : "TestTask : ruHighloadTestsDataTracking",
      "statistic" : {
        "total" : 3,
        "passed" : 3,
        "pending" : 0,
        "canceled" : 0,
        "failed" : 0,
        "broken" : 0
      }
    } ]
  }, {
    "name" : "behaviors",
    "type" : "TITLE_STATISTICS",
    "data" : [ {
      "title" : "Desktop check author filter (Task 3)",
      "statistic" : {
        "total" : 6,
        "passed" : 6,
        "pending" : 0,
        "canceled" : 0,
        "failed" : 0,
        "broken" : 0
      }
    }, {
      "title" : "Desktop check left menu bar (Task 1)",
      "statistic" : {
        "total" : 4,
        "passed" : 4,
        "pending" : 0,
        "canceled" : 0,
        "failed" : 0,
        "broken" : 0
      }
    }, {
      "title" : "Desktop check of data tracking (Task 5)",
      "statistic" : {
        "total" : 3,
        "passed" : 3,
        "pending" : 0,
        "canceled" : 0,
        "failed" : 0,
        "broken" : 0
      }
    }, {
      "title" : "Desktop check of time frames switching (Task 2)",
      "statistic" : {
        "total" : 7,
        "passed" : 7,
        "pending" : 0,
        "canceled" : 0,
        "failed" : 0,
        "broken" : 0
      }
    }, {
      "title" : "Desktop check sorting by metrics (Task 4)",
      "statistic" : {
        "total" : 8,
        "passed" : 8,
        "pending" : 0,
        "canceled" : 0,
        "failed" : 0,
        "broken" : 0
      }
    } ]
  }, {
    "name" : "environment",
    "type" : "KEY_VALUE",
    "data" : [ ]
  } ]
}